--
-- PostgreSQL database dump
--

\restrict 3anYmN4KXqc12gbSRao1PBszCMFVVxNYaP65DTrSfbDZLTG5g1jFPg4hbU7qzUb

-- Dumped from database version 18.4
-- Dumped by pg_dump version 18.4

SET statement_timeout = 0;
SET lock_timeout = 0;
SET idle_in_transaction_session_timeout = 0;
SET transaction_timeout = 0;
SET client_encoding = 'UTF8';
SET standard_conforming_strings = on;
SELECT pg_catalog.set_config('search_path', '', false);
SET check_function_bodies = false;
SET xmloption = content;
SET client_min_messages = warning;
SET row_security = off;

--
-- Name: public; Type: SCHEMA; Schema: -; Owner: -
--

-- *not* creating schema, since initdb creates it


--
-- Name: SCHEMA public; Type: COMMENT; Schema: -; Owner: -
--

COMMENT ON SCHEMA public IS '';


SET default_tablespace = '';

SET default_table_access_method = heap;

--
-- Name: _prisma_migrations; Type: TABLE; Schema: public; Owner: -
--

CREATE TABLE public._prisma_migrations (
    id character varying(36) NOT NULL,
    checksum character varying(64) NOT NULL,
    finished_at timestamp with time zone,
    migration_name character varying(255) NOT NULL,
    logs text,
    rolled_back_at timestamp with time zone,
    started_at timestamp with time zone DEFAULT now() NOT NULL,
    applied_steps_count integer DEFAULT 0 NOT NULL
);


--
-- Name: archive_history; Type: TABLE; Schema: public; Owner: -
--

CREATE TABLE public.archive_history (
    id integer NOT NULL,
    archive_id integer NOT NULL,
    changed_by_id integer,
    change_type text NOT NULL,
    field_name text,
    old_value text,
    new_value text,
    changed_at timestamp(3) without time zone DEFAULT CURRENT_TIMESTAMP NOT NULL
);


--
-- Name: archive_history_id_seq; Type: SEQUENCE; Schema: public; Owner: -
--

CREATE SEQUENCE public.archive_history_id_seq
    AS integer
    START WITH 1
    INCREMENT BY 1
    NO MINVALUE
    NO MAXVALUE
    CACHE 1;


--
-- Name: archive_history_id_seq; Type: SEQUENCE OWNED BY; Schema: public; Owner: -
--

ALTER SEQUENCE public.archive_history_id_seq OWNED BY public.archive_history.id;


--
-- Name: archive_relations; Type: TABLE; Schema: public; Owner: -
--

CREATE TABLE public.archive_relations (
    id integer NOT NULL,
    archive_id integer NOT NULL,
    related_archive_id integer NOT NULL,
    relation_type text NOT NULL,
    created_at timestamp(3) without time zone DEFAULT CURRENT_TIMESTAMP NOT NULL
);


--
-- Name: archive_relations_id_seq; Type: SEQUENCE; Schema: public; Owner: -
--

CREATE SEQUENCE public.archive_relations_id_seq
    AS integer
    START WITH 1
    INCREMENT BY 1
    NO MINVALUE
    NO MAXVALUE
    CACHE 1;


--
-- Name: archive_relations_id_seq; Type: SEQUENCE OWNED BY; Schema: public; Owner: -
--

ALTER SEQUENCE public.archive_relations_id_seq OWNED BY public.archive_relations.id;


--
-- Name: archive_signatures; Type: TABLE; Schema: public; Owner: -
--

CREATE TABLE public.archive_signatures (
    id integer NOT NULL,
    archive_id integer NOT NULL,
    "position" text NOT NULL,
    name text NOT NULL,
    esig_code text,
    signed_date timestamp(3) without time zone,
    note text,
    personnel_id integer,
    created_at timestamp(3) without time zone DEFAULT CURRENT_TIMESTAMP NOT NULL
);


--
-- Name: archive_signatures_id_seq; Type: SEQUENCE; Schema: public; Owner: -
--

CREATE SEQUENCE public.archive_signatures_id_seq
    AS integer
    START WITH 1
    INCREMENT BY 1
    NO MINVALUE
    NO MAXVALUE
    CACHE 1;


--
-- Name: archive_signatures_id_seq; Type: SEQUENCE OWNED BY; Schema: public; Owner: -
--

ALTER SEQUENCE public.archive_signatures_id_seq OWNED BY public.archive_signatures.id;


--
-- Name: archive_templates; Type: TABLE; Schema: public; Owner: -
--

CREATE TABLE public.archive_templates (
    id integer NOT NULL,
    name text NOT NULL,
    description text,
    content text NOT NULL,
    category text DEFAULT 'general'::text,
    created_at timestamp(3) without time zone DEFAULT CURRENT_TIMESTAMP NOT NULL,
    updated_at timestamp(3) without time zone NOT NULL
);


--
-- Name: archive_templates_id_seq; Type: SEQUENCE; Schema: public; Owner: -
--

CREATE SEQUENCE public.archive_templates_id_seq
    AS integer
    START WITH 1
    INCREMENT BY 1
    NO MINVALUE
    NO MAXVALUE
    CACHE 1;


--
-- Name: archive_templates_id_seq; Type: SEQUENCE OWNED BY; Schema: public; Owner: -
--

ALTER SEQUENCE public.archive_templates_id_seq OWNED BY public.archive_templates.id;


--
-- Name: archives; Type: TABLE; Schema: public; Owner: -
--

CREATE TABLE public.archives (
    id integer NOT NULL,
    code text NOT NULL,
    category text NOT NULL,
    title text NOT NULL,
    status text DEFAULT '活跃'::text NOT NULL,
    threat_level text,
    threat_level_color text,
    archive_date timestamp(3) without time zone,
    source_department_id integer,
    responsible_department_id integer,
    lead_person_id integer,
    last_update timestamp(3) without time zone NOT NULL,
    access_level text,
    description text,
    main_dangers text[],
    details jsonb DEFAULT '{}'::jsonb NOT NULL,
    final_review text,
    review_status text DEFAULT '通过'::text NOT NULL,
    remarks text,
    image_path text,
    created_at timestamp(3) without time zone DEFAULT CURRENT_TIMESTAMP NOT NULL,
    source_text text,
    attachment_text text,
    custom_template text DEFAULT ''::text,
    use_custom_template boolean DEFAULT false NOT NULL,
    video_path text,
    logo_svg text
);


--
-- Name: archives_id_seq; Type: SEQUENCE; Schema: public; Owner: -
--

CREATE SEQUENCE public.archives_id_seq
    AS integer
    START WITH 1
    INCREMENT BY 1
    NO MINVALUE
    NO MAXVALUE
    CACHE 1;


--
-- Name: archives_id_seq; Type: SEQUENCE OWNED BY; Schema: public; Owner: -
--

ALTER SEQUENCE public.archives_id_seq OWNED BY public.archives.id;


--
-- Name: departments; Type: TABLE; Schema: public; Owner: -
--

CREATE TABLE public.departments (
    id integer NOT NULL,
    code text NOT NULL,
    name text NOT NULL,
    name_en text,
    type text,
    description text,
    leader_id integer,
    site_location text,
    internal_channel text,
    created_at timestamp(3) without time zone DEFAULT CURRENT_TIMESTAMP NOT NULL,
    updated_at timestamp(3) without time zone NOT NULL
);


--
-- Name: departments_id_seq; Type: SEQUENCE; Schema: public; Owner: -
--

CREATE SEQUENCE public.departments_id_seq
    AS integer
    START WITH 1
    INCREMENT BY 1
    NO MINVALUE
    NO MAXVALUE
    CACHE 1;


--
-- Name: departments_id_seq; Type: SEQUENCE OWNED BY; Schema: public; Owner: -
--

ALTER SEQUENCE public.departments_id_seq OWNED BY public.departments.id;


--
-- Name: equipment_items; Type: TABLE; Schema: public; Owner: -
--

CREATE TABLE public.equipment_items (
    id integer NOT NULL,
    code text NOT NULL,
    name text NOT NULL,
    subtitle text,
    description text,
    category text NOT NULL,
    price integer,
    currency text,
    original_price text,
    stock integer DEFAULT 0 NOT NULL,
    status text DEFAULT 'available'::text NOT NULL,
    badge text,
    image_url text,
    created_at timestamp(3) without time zone DEFAULT CURRENT_TIMESTAMP NOT NULL
);


--
-- Name: equipment_items_id_seq; Type: SEQUENCE; Schema: public; Owner: -
--

CREATE SEQUENCE public.equipment_items_id_seq
    AS integer
    START WITH 1
    INCREMENT BY 1
    NO MINVALUE
    NO MAXVALUE
    CACHE 1;


--
-- Name: equipment_items_id_seq; Type: SEQUENCE OWNED BY; Schema: public; Owner: -
--

ALTER SEQUENCE public.equipment_items_id_seq OWNED BY public.equipment_items.id;


--
-- Name: exploration_teams; Type: TABLE; Schema: public; Owner: -
--

CREATE TABLE public.exploration_teams (
    id integer NOT NULL,
    code text NOT NULL,
    name text NOT NULL,
    name_en text,
    leader_id integer,
    status text DEFAULT '待命'::text NOT NULL,
    member_count integer DEFAULT 0 NOT NULL,
    current_location text,
    created_at timestamp(3) without time zone DEFAULT CURRENT_TIMESTAMP NOT NULL
);


--
-- Name: exploration_teams_id_seq; Type: SEQUENCE; Schema: public; Owner: -
--

CREATE SEQUENCE public.exploration_teams_id_seq
    AS integer
    START WITH 1
    INCREMENT BY 1
    NO MINVALUE
    NO MAXVALUE
    CACHE 1;


--
-- Name: exploration_teams_id_seq; Type: SEQUENCE OWNED BY; Schema: public; Owner: -
--

ALTER SEQUENCE public.exploration_teams_id_seq OWNED BY public.exploration_teams.id;


--
-- Name: news_bulletins; Type: TABLE; Schema: public; Owner: -
--

CREATE TABLE public.news_bulletins (
    id integer NOT NULL,
    code text NOT NULL,
    title text NOT NULL,
    summary text,
    content text,
    category text DEFAULT '组织新闻'::text NOT NULL,
    priority text DEFAULT 'INFO'::text NOT NULL,
    featured boolean DEFAULT false NOT NULL,
    image_url text,
    published_at timestamp(3) without time zone NOT NULL,
    created_at timestamp(3) without time zone DEFAULT CURRENT_TIMESTAMP NOT NULL
);


--
-- Name: news_bulletins_id_seq; Type: SEQUENCE; Schema: public; Owner: -
--

CREATE SEQUENCE public.news_bulletins_id_seq
    AS integer
    START WITH 1
    INCREMENT BY 1
    NO MINVALUE
    NO MAXVALUE
    CACHE 1;


--
-- Name: news_bulletins_id_seq; Type: SEQUENCE OWNED BY; Schema: public; Owner: -
--

ALTER SEQUENCE public.news_bulletins_id_seq OWNED BY public.news_bulletins.id;


--
-- Name: personnel; Type: TABLE; Schema: public; Owner: -
--

CREATE TABLE public.personnel (
    id integer NOT NULL,
    code text NOT NULL,
    name text NOT NULL,
    name_en text,
    title text,
    codename text,
    department_id integer,
    "position" text,
    status text DEFAULT '现役'::text NOT NULL,
    specialty text,
    clearance_level integer DEFAULT 1 NOT NULL,
    esig_code text,
    created_at timestamp(3) without time zone DEFAULT CURRENT_TIMESTAMP NOT NULL,
    updated_at timestamp(3) without time zone NOT NULL
);


--
-- Name: personnel_id_seq; Type: SEQUENCE; Schema: public; Owner: -
--

CREATE SEQUENCE public.personnel_id_seq
    AS integer
    START WITH 1
    INCREMENT BY 1
    NO MINVALUE
    NO MAXVALUE
    CACHE 1;


--
-- Name: personnel_id_seq; Type: SEQUENCE OWNED BY; Schema: public; Owner: -
--

ALTER SEQUENCE public.personnel_id_seq OWNED BY public.personnel.id;


--
-- Name: reviews; Type: TABLE; Schema: public; Owner: -
--

CREATE TABLE public.reviews (
    id integer NOT NULL,
    author text NOT NULL,
    content text NOT NULL,
    rating integer NOT NULL,
    date timestamp(3) without time zone NOT NULL,
    verified boolean DEFAULT false NOT NULL,
    created_at timestamp(3) without time zone DEFAULT CURRENT_TIMESTAMP NOT NULL
);


--
-- Name: reviews_id_seq; Type: SEQUENCE; Schema: public; Owner: -
--

CREATE SEQUENCE public.reviews_id_seq
    AS integer
    START WITH 1
    INCREMENT BY 1
    NO MINVALUE
    NO MAXVALUE
    CACHE 1;


--
-- Name: reviews_id_seq; Type: SEQUENCE OWNED BY; Schema: public; Owner: -
--

ALTER SEQUENCE public.reviews_id_seq OWNED BY public.reviews.id;


--
-- Name: system_announcements; Type: TABLE; Schema: public; Owner: -
--

CREATE TABLE public.system_announcements (
    id integer NOT NULL,
    title text NOT NULL,
    content text NOT NULL,
    type text DEFAULT 'info'::text NOT NULL,
    "order" integer DEFAULT 0 NOT NULL,
    created_at timestamp(3) without time zone DEFAULT CURRENT_TIMESTAMP NOT NULL
);


--
-- Name: system_announcements_id_seq; Type: SEQUENCE; Schema: public; Owner: -
--

CREATE SEQUENCE public.system_announcements_id_seq
    AS integer
    START WITH 1
    INCREMENT BY 1
    NO MINVALUE
    NO MAXVALUE
    CACHE 1;


--
-- Name: system_announcements_id_seq; Type: SEQUENCE OWNED BY; Schema: public; Owner: -
--

ALTER SEQUENCE public.system_announcements_id_seq OWNED BY public.system_announcements.id;


--
-- Name: team_members; Type: TABLE; Schema: public; Owner: -
--

CREATE TABLE public.team_members (
    team_id integer NOT NULL,
    personnel_id integer NOT NULL,
    role text,
    joined_at timestamp(3) without time zone DEFAULT CURRENT_TIMESTAMP NOT NULL
);


--
-- Name: archive_history id; Type: DEFAULT; Schema: public; Owner: -
--

ALTER TABLE ONLY public.archive_history ALTER COLUMN id SET DEFAULT nextval('public.archive_history_id_seq'::regclass);


--
-- Name: archive_relations id; Type: DEFAULT; Schema: public; Owner: -
--

ALTER TABLE ONLY public.archive_relations ALTER COLUMN id SET DEFAULT nextval('public.archive_relations_id_seq'::regclass);


--
-- Name: archive_signatures id; Type: DEFAULT; Schema: public; Owner: -
--

ALTER TABLE ONLY public.archive_signatures ALTER COLUMN id SET DEFAULT nextval('public.archive_signatures_id_seq'::regclass);


--
-- Name: archive_templates id; Type: DEFAULT; Schema: public; Owner: -
--

ALTER TABLE ONLY public.archive_templates ALTER COLUMN id SET DEFAULT nextval('public.archive_templates_id_seq'::regclass);


--
-- Name: archives id; Type: DEFAULT; Schema: public; Owner: -
--

ALTER TABLE ONLY public.archives ALTER COLUMN id SET DEFAULT nextval('public.archives_id_seq'::regclass);


--
-- Name: departments id; Type: DEFAULT; Schema: public; Owner: -
--

ALTER TABLE ONLY public.departments ALTER COLUMN id SET DEFAULT nextval('public.departments_id_seq'::regclass);


--
-- Name: equipment_items id; Type: DEFAULT; Schema: public; Owner: -
--

ALTER TABLE ONLY public.equipment_items ALTER COLUMN id SET DEFAULT nextval('public.equipment_items_id_seq'::regclass);


--
-- Name: exploration_teams id; Type: DEFAULT; Schema: public; Owner: -
--

ALTER TABLE ONLY public.exploration_teams ALTER COLUMN id SET DEFAULT nextval('public.exploration_teams_id_seq'::regclass);


--
-- Name: news_bulletins id; Type: DEFAULT; Schema: public; Owner: -
--

ALTER TABLE ONLY public.news_bulletins ALTER COLUMN id SET DEFAULT nextval('public.news_bulletins_id_seq'::regclass);


--
-- Name: personnel id; Type: DEFAULT; Schema: public; Owner: -
--

ALTER TABLE ONLY public.personnel ALTER COLUMN id SET DEFAULT nextval('public.personnel_id_seq'::regclass);


--
-- Name: reviews id; Type: DEFAULT; Schema: public; Owner: -
--

ALTER TABLE ONLY public.reviews ALTER COLUMN id SET DEFAULT nextval('public.reviews_id_seq'::regclass);


--
-- Name: system_announcements id; Type: DEFAULT; Schema: public; Owner: -
--

ALTER TABLE ONLY public.system_announcements ALTER COLUMN id SET DEFAULT nextval('public.system_announcements_id_seq'::regclass);


--
-- Data for Name: _prisma_migrations; Type: TABLE DATA; Schema: public; Owner: -
--

COPY public._prisma_migrations (id, checksum, finished_at, migration_name, logs, rolled_back_at, started_at, applied_steps_count) FROM stdin;
18e5b57d-a440-4f63-9cbd-5cba4c720891	e342884bd5eea64c73b980971be560edbb9f5340315fcd6e893bcee9ade13048	2026-05-28 17:35:40.570674+08	20260527085016_init	\N	\N	2026-05-28 17:35:40.455171+08	1
6d2d4278-bf45-4140-808f-55ed60e85d14	9b104808735c7ccd197a1bd5f8d3acdc83da1d20c44dc0783554594c9e070964	2026-05-28 17:35:40.585545+08	20260528011412_remove_threshold_table	\N	\N	2026-05-28 17:35:40.571531+08	1
7ddfbb18-48ad-4e1c-ac7e-0bea87286355	f56e53ac7e9954a9b18ac1b803f085c368331c84ff23d9510e2f9f6f4547c61a	2026-05-28 17:35:40.60208+08	20260528041100_add_performance_indexes	\N	\N	2026-05-28 17:35:40.586234+08	1
aa302e6b-efd7-46c6-90a0-6e0495018999	83eeadd156e3c6a50bad3ee0629c5e08a26d7bd8459fa1a918c60ffaed0b74d0	2026-05-28 17:35:40.605186+08	20260528075434_add_source_text	\N	\N	2026-05-28 17:35:40.602844+08	1
c6f12022-d773-464e-98ed-893dc04385ee	9fb2c2e0a126973a36f89b1fa16a100ee57e32725420ac4e4ce25ead69d051a5	2026-05-28 17:35:40.612897+08	20260528081452_add_signature_unique	\N	\N	2026-05-28 17:35:40.606405+08	1
efe2c211-d8a5-4601-950d-f80896425bf9	9eca473918826cb87f6eb0648e16d7402ea081cea80abba197af29a25b3eb0ab	2026-05-28 17:35:40.615858+08	20260528085441_add_attachment_text	\N	\N	2026-05-28 17:35:40.613575+08	1
412fe768-ac5b-488b-9f38-d515350a6f26	bb1dbe10fb0004e5aa3b939a507cd8b436b8d16ebd76fd43fdfc304d6261c600	2026-05-28 19:21:13.95337+08	20260528112113_add_news_equipment_review_announcement	\N	\N	2026-05-28 19:21:13.905508+08	1
e39b0c2c-872a-4749-8400-431b332d7c0b	79b3b28230f518d1ddfc06a0be74583c43a1d8987a933f0e520632de6de5f75d	2026-05-29 13:37:13.693996+08	20260529053713_add_custom_template_and_video	\N	\N	2026-05-29 13:37:13.375495+08	1
\.


--
-- Data for Name: archive_history; Type: TABLE DATA; Schema: public; Owner: -
--

COPY public.archive_history (id, archive_id, changed_by_id, change_type, field_name, old_value, new_value, changed_at) FROM stdin;
\.


--
-- Data for Name: archive_relations; Type: TABLE DATA; Schema: public; Owner: -
--

COPY public.archive_relations (id, archive_id, related_archive_id, relation_type, created_at) FROM stdin;
1	1	10	核心案例数据	2026-05-28 09:35:57.28
2	1	27	理论基础	2026-05-28 09:35:57.284
3	2	11	记录了明知山的发现和初步评估	2026-05-28 09:35:57.286
4	2	28	分析明知山的模因机制	2026-05-28 09:35:57.288
5	3	12	发现记录	2026-05-28 09:35:57.289
6	3	20	相关案例	2026-05-28 09:35:57.293
7	4	13	首次发现记录	2026-05-28 09:35:57.295
8	4	21	模因机制分析	2026-05-28 09:35:57.297
9	5	17	心理评估	2026-05-28 09:35:57.299
10	6	14	首次发现与初步勘探记录	2026-05-28 09:35:57.301
13	8	1	同为空间型认知危害，可能存在信息层面的交互	2026-05-28 09:35:57.306
15	9	6	广播坐标指向的关联阈界	2026-05-28 09:35:57.311
16	10	27	理论基础与应对策略	2026-05-28 09:35:57.314
17	11	2	核心描述和应对协议	2026-05-28 09:35:57.316
18	11	28	低语效应的理论分析	2026-05-28 09:35:57.317
19	12	3	基础威胁信息	2026-05-28 09:35:57.318
20	12	20	认知影响后续治疗	2026-05-28 09:35:57.319
21	13	4	基础威胁信息	2026-05-28 09:35:57.321
22	13	21	相关医疗案例	2026-05-28 09:35:57.323
23	13	24	防护协议	2026-05-28 09:35:57.325
24	14	6	基础威胁信息	2026-05-28 09:35:57.327
25	14	23	勘探协议	2026-05-28 09:35:57.329
27	15	18	后续研究	2026-05-28 09:35:57.332
28	15	25	应对程序	2026-05-28 09:35:57.334
29	16	19	关联医疗评估	2026-05-28 09:35:57.335
30	17	5	访谈对象主体档案	2026-05-28 09:35:57.338
32	18	15	物品来源	2026-05-28 09:35:57.345
33	18	24	安全协议参考	2026-05-28 09:35:57.346
34	19	16	关联事件报告	2026-05-28 09:35:57.348
35	20	3	相关威胁档案	2026-05-28 09:35:57.35
36	21	4	关联威胁档案	2026-05-28 09:35:57.351
37	27	10	核心案例分析	2026-05-28 09:35:57.354
38	28	11	提供初始观测数据	2026-05-28 09:35:57.355
39	28	2	核心描述和应对协议	2026-05-28 09:35:57.357
40	29	20	心理评估报告	2026-05-28 09:35:57.361
41	29	3	相关威胁档案	2026-05-28 09:35:57.363
54	151	153	初次发现记录	2026-06-02 01:43:13.005
55	151	154	暴露人员心理评估	2026-06-02 01:43:13.063
56	151	155	异常机制分析	2026-06-02 01:43:13.079
57	153	151	主体阈界	2026-06-02 01:43:13.129
58	153	154	人员心理评估	2026-06-02 01:43:13.131
59	153	155	异常机制分析	2026-06-02 01:43:13.133
60	154	151	主体阈界	2026-06-02 01:43:13.15
61	154	153	暴露事件记录	2026-06-02 01:43:13.155
62	154	155	机制分析参考	2026-06-02 01:43:13.157
63	155	151	直接相关	2026-06-02 01:43:13.164
64	155	153	核心数据	2026-06-02 01:43:13.167
65	155	154	临床依据	2026-06-02 01:43:13.17
66	156	15	首次发现记录	2026-06-03 01:27:33.562
67	156	152	核心对象	2026-06-03 01:27:33.862
68	156	20	相关案例	2026-06-03 01:27:33.899
\.


--
-- Data for Name: archive_signatures; Type: TABLE DATA; Schema: public; Owner: -
--

COPY public.archive_signatures (id, archive_id, "position", name, esig_code, signed_date, note, personnel_id, created_at) FROM stdin;
109	16	外勤探员	第73区事件响应小组	[ESIG-73]	\N	事件报告撰写人	73	2026-05-29 02:44:59.02
110	16	首席档案员	安雅·夏尔马	[ESIG-AS]	\N	审阅批准	53	2026-05-29 02:44:59.02
111	3	首席档案员	安雅·夏尔马	[ESIG-AS]	\N	地点档案撰写人	\N	2026-05-29 08:14:01.053
112	3	首席研究员	戴维·卡特博士	[ESIG-DC]	\N	审阅批准	\N	2026-05-29 08:14:01.053
113	9	首席研究员	安娜·科瓦尔斯基博士	[ESIG-AK]	\N	档案撰写人	\N	2026-05-29 08:43:48.942
114	9	外勤行动部部长	亚历山大·科瓦尔部长	[ESIG-AK2]	\N	审阅批准	\N	2026-05-29 08:43:48.942
2	1	总指挥	伊利亚·彼得连科总指挥	[ESIG-IP]	\N	审阅批准	51	2026-05-28 09:35:57.369
16	8	总指挥	伊利亚·彼得连科总指挥	[ESIG-IP]	2026-01-15 00:00:00	审阅批准	51	2026-05-28 09:35:57.388
48	27	总指挥	伊利亚·彼得连科总指挥	[ESIG-IP]	\N	审阅批准	51	2026-05-28 09:35:57.435
51	28	总指挥	伊利亚·彼得连科	[ESIG-IP]	\N	审阅批准	51	2026-05-28 09:35:57.438
54	29	总指挥	伊利亚·彼得连科总指挥	[ESIG-IP]	\N	最终审核	51	2026-05-28 09:35:57.445
21	11	勘探队队长	米拉·陈	[ESIG-MC]	\N	任务执行负责人	59	2026-05-28 09:35:57.4
24	12	外勤行动部审核员	[数据删除]	[ESIG-FLD]	\N	审阅批准	\N	2026-05-28 09:35:57.403
26	13	外勤行动部审核员	[数据删除]	[ESIG-FLD]	\N	审阅批准	\N	2026-05-28 09:35:57.405
31	15	外勤行动部审核员	[数据删除]	[ESIG-FLD]	\N	审阅批准	\N	2026-05-28 09:35:57.412
23	12	勘探队队长	米拉·陈	[ESIG-MC]	\N	勘探报告撰写人	59	2026-05-28 09:35:57.402
27	14	勘探队队长	米拉·陈	[ESIG-MC]	\N	任务执行负责人	59	2026-05-28 09:35:57.406
25	13	勘探队队长	亚历克斯·诺瓦克	[ESIG-AN]	\N	勘探报告撰写人	60	2026-05-28 09:35:57.404
20	10	外勤行动部副部长	莉亚·沃克中尉	[ESIG-AW]	\N	审阅批准	61	2026-05-28 09:35:57.399
29	15	勘探队队长	莉亚·沃克中尉	[ESIG-WK]	\N	勘探报告撰写人	61	2026-05-28 09:35:57.41
10	5	部长	陈维华博士	[ESIG-CW]	\N	最终审核	52	2026-05-28 09:35:57.38
35	17	部长	陈维华博士	[ESIG-CW]	\N	最终审核	52	2026-05-28 09:35:57.417
37	18	部门主管	陈维华博士	[ESIG-CW]	\N	实验批准与监督	52	2026-05-28 09:35:57.42
1	1	首席档案员	安雅·夏尔马	[ESIG-AS]	\N	威胁档案撰写人	53	2026-05-28 09:35:57.365
7	4	首席档案员	安雅·夏尔马	[ESIG-AS]	\N	实体档案撰写人	53	2026-05-28 09:35:57.377
11	6	首席档案员	安雅·夏尔马	[ESIG-AS]	\N	地点档案撰写人	53	2026-05-28 09:35:57.381
15	8	首席档案员	安雅·夏尔马	[ESIG-AS]	2025-12-31 00:00:00	威胁档案撰写人	53	2026-05-28 09:35:57.387
19	10	首席档案员	安雅·夏尔马	[ESIG-AS]	\N	档案整理	53	2026-05-28 09:35:57.397
22	11	首席档案员	安雅·夏尔马	[ESIG-AS]	\N	档案整理与审核	53	2026-05-28 09:35:57.401
28	14	首席档案员	安雅·夏尔马	[ESIG-AS]	\N	档案整理与审核	53	2026-05-28 09:35:57.407
30	15	首席档案员	安雅·夏尔马	[ESIG-AS]	\N	档案整理	53	2026-05-28 09:35:57.411
39	18	档案员	安雅·夏尔马	[ESIG-AS]	\N	档案归档确认	53	2026-05-28 09:35:57.422
47	27	首席档案员	安雅·夏尔马	[ESIG-AS]	\N	档案整理	53	2026-05-28 09:35:57.434
50	28	首席档案员	安雅·夏尔马	[ESIG-AS]	\N	档案整理	53	2026-05-28 09:35:57.437
52	29	首席档案员	安雅·夏尔马	[ESIG-AS]	\N	档案建立/更新	53	2026-05-28 09:35:57.439
9	5	首席研究员	林知远博士	[ESIG-LZ]	\N	理论分析负责人	54	2026-05-28 09:35:57.379
36	18	主实验员	林知远博士	[ESIG-LZ]	\N	实验执行负责人	54	2026-05-28 09:35:57.419
46	27	首席研究员	林知远博士	[ESIG-LZ]	\N	理论文件撰写人	54	2026-05-28 09:35:57.433
49	28	首席研究员	林知远博士	[ESIG-LZ]	\N	理论文件撰写人	54	2026-05-28 09:35:57.436
41	19	医疗与心理部部长	埃莉诺·肖博士	[ESIG-ES]	\N	审阅批准	55	2026-05-28 09:35:57.426
42	20	医疗与心理部副主任	埃莉诺·肖博士	[ESIG-ES]	\N	评估负责人	55	2026-05-28 09:35:57.427
45	21	医疗与心理部副主任	埃莉诺·肖博士	[ESIG-ES]	\N	审阅批准	55	2026-05-28 09:35:57.431
53	29	医疗与心理部部长	埃莉诺·肖博士	[ESIG-ES]	\N	部门审核确认	55	2026-05-28 09:35:57.443
8	4	首席研究员	戴维·卡特博士	[ESIG-DC]	\N	审阅批准	69	2026-05-28 09:35:57.378
12	6	首席研究员	戴维·卡特博士	[ESIG-DC]	\N	审阅批准	69	2026-05-28 09:35:57.381
40	19	医疗与心理部医师	戴维·卡特博士	[ESIG-DC]	\N	报告撰写人	69	2026-05-28 09:35:57.424
43	20	被评估人	戴维·卡特博士	[ESIG-DC]	\N	已知悉评估结果	69	2026-05-28 09:35:57.428
44	21	医疗与心理部医师	戴维·卡特博士	[ESIG-DC]	\N	医疗报告撰写人	69	2026-05-28 09:35:57.43
34	17	首席访谈专员	维克多·科瓦列夫博士	[ESIG-VK]	\N	访谈执行负责人	72	2026-05-28 09:35:57.416
38	18	安全审查	维克多·科瓦列夫/铁墙	[ESIG-VK]	\N	安全协议确认	72	2026-05-28 09:35:57.421
115	2	首席档案员	安雅·夏尔马	[ESIG-AS]	\N	地点档案撰写人	\N	2026-05-29 08:51:16.873
116	2	首席研究员	戴维·卡特博士	[ESIG-DC]	\N	审阅批准	\N	2026-05-29 08:51:16.873
583	156	首席档案员	安雅·夏尔马	[ESIG-AS]	2024-01-14 16:00:00	威胁档案撰写人	53	2026-06-03 01:27:36.068
584	156	总指挥	伊利亚·彼得连科	[ESIG-IP]	2024-01-14 16:00:00	审阅批准	51	2026-06-03 01:27:36.082
556	22	首席档案员	安雅·夏尔马	ESIG-AS	2025-09-06 00:00:00	\N	53	2026-06-03 00:35:52.635
557	22	档案与研究部部长	陈维华	ESIG-CW	2025-09-06 00:00:00	\N	52	2026-06-03 00:35:52.901
558	22	总指挥	伊利亚·彼得连科	ESIG-IP	2025-09-06 00:00:00	\N	51	2026-06-03 00:35:52.938
559	23	档案员	安雅·夏尔马	ESIG-AS	2025-09-04 00:00:00	\N	53	2026-06-03 00:35:52.985
560	23	总指挥	伊利亚·彼得连科	ESIG-IP	2025-09-04 00:00:00	\N	51	2026-06-03 00:35:53.022
561	24	安全主管	艾米丽·陈	ESIG-EC	\N	\N	71	2026-06-03 00:35:53.076
562	24	部门主管	维克多·科瓦列夫	ESIG-VK	\N	\N	72	2026-06-03 00:35:53.119
481	16	事件响应小组负责人	第73区事件响应小组	[ESIG-73]	\N	事件报告撰写人	\N	2026-06-02 01:43:13.471
563	25	首席档案员	安雅·夏尔马	ESIG-AS	2025-09-04 00:00:00	\N	53	2026-06-03 00:35:53.176
564	25	总指挥	伊利亚·彼得连科	ESIG-IP	2025-09-04 00:00:00	\N	51	2026-06-03 00:35:53.206
565	26	档案员	安雅·夏尔马	ESIG-AS	2025-09-04 00:00:00	\N	53	2026-06-03 00:35:53.269
566	26	总指挥	伊利亚·彼得连科	ESIG-IP	2025-09-04 00:00:00	\N	51	2026-06-03 00:35:53.274
\.


--
-- Data for Name: archive_templates; Type: TABLE DATA; Schema: public; Owner: -
--

COPY public.archive_templates (id, name, description, content, category, created_at, updated_at) FROM stdin;
\.


--
-- Data for Name: archives; Type: TABLE DATA; Schema: public; Owner: -
--

COPY public.archives (id, code, category, title, status, threat_level, threat_level_color, archive_date, source_department_id, responsible_department_id, lead_person_id, last_update, access_level, description, main_dangers, details, final_review, review_status, remarks, image_path, created_at, source_text, attachment_text, custom_template, use_custom_template, video_path, logo_svg) FROM stdin;
5	TMS-O2847	阈界档案	存在性否定实体 (Existential Negation Entity)	封存	黑色-O	黑色	\N	5	2	54	2026-06-04 15:37:50.615	3级	TMS-O2847外观为23岁人类男性，自称姓名为[数据删除]。实体具有完全的存在性否定能力，能够通过意识否定任何事物的存在，使其从现实层面完全消除。被否定的事物不仅会消失，连同相关记忆也会从所有人类意识中抹除，仅有实体本身保留完整记忆。	{无限制的存在性否定能力,对被否定事物记忆的独占性,潜在的不可控思维状态,文明终结级威胁潜力}	{"phases": [{"name": "个体层面", "target": "具体个体或物品", "duration": "即时", "mechanism": "否定具体人物、物品", "keyIndicator": "目标从现实中完全消失", "manifestation": "完全消除"}, {"name": "概念层面", "target": "抽象概念的具体表现", "duration": "即时", "mechanism": "否定抽象概念的具体表现", "keyIndicator": "概念表现暂时消失", "manifestation": "暂时消除"}, {"name": "时间层面", "target": "特定时间段", "duration": "即时", "mechanism": "删除特定时间段", "keyIndicator": "时间线不可逆删除", "manifestation": "时间线被删除"}, {"name": "集体层面", "target": "人类群体", "duration": "理论上可行", "mechanism": "否定人类群体", "keyIndicator": "未知", "manifestation": "未知"}], "protocols": [{"phase": "日常收容", "measures": "维持实体永久无意识状态", "department": "医疗部", "procedureName": "意识抑制"}, {"phase": "监控", "measures": "24小时不间断监控", "department": "安全部", "procedureName": "生命体征监测"}, {"phase": "紧急响应", "measures": "如出现意识觉醒迹象立即执行", "department": "特殊事务处理部", "procedureName": "立即终止"}, {"phase": "研究限制", "measures": "严禁任何可能唤醒实体的行为", "department": "档案与研究部", "procedureName": "禁止唤醒"}], "commonName": "\\"否定之人\\" (The Negator)", "leadPerson": "林知远博士", "properties": [{"name": "存在性否定", "scope": "无已知限制", "category": "核心能力", "description": "通过意识否定事物存在"}, {"name": "独占记忆", "scope": "全人类", "category": "记忆效应", "description": "仅实体保留被否定事物记忆"}, {"name": "信仰免疫", "scope": "抽象概念层面", "category": "限制条件", "description": "无法否定宗教信仰本身"}, {"name": "条件重现", "scope": "需实体主动配合", "category": "恢复机制", "description": "特定条件下可重现被否定事物"}], "coreFeatures": "存在性否定、独占记忆、信仰免疫、条件重现", "responseTeam": "特殊事务处理部", "anomalyReport": "实体主动接触边际结构，自称\\"赎罪\\"，寻求收容", "archiveNature": "具有存在性否定能力的人形实体，能够通过意识否定任何事物的存在，使其从现实中完全消除", "knownEntities": [{"name": "否定之人 (OBJ-O2847)", "type": "存在性否定实体", "behavior": "主动寻求收容，配合组织研究", "mechanism": "通过意识否定任何事物的存在", "dangerLevel": "文明终结级", "contactRecord": "实体主动接触边际结构，自称\\"赎罪\\"，寻求收容"}], "sourceDepartment": "安全与防护部", "discoveryLocation": "[数据删除]", "threatAssessments": [{"riskLevel": "文明终结级", "personnelType": "全人类", "recommendedAction": "永久维持无意识收容状态", "susceptibilityReason": "实体理论上具备否定整个人类文明的能力"}], "accessRequirements": [{"text": "维持实体无意识状态", "allowed": true}, {"text": "定期检查收容设施完整性", "allowed": true}, {"text": "记录所有异常生命体征", "allowed": true}, {"text": "严禁尝试与实体进行任何形式的交流", "allowed": false}, {"text": "禁止进行能力测试或验证实验", "allowed": false}, {"text": "禁止讨论实体能力的理论上限", "allowed": false}], "behaviorGuidelines": [{"text": "维持实体无意识状态", "allowed": true}, {"text": "定期检查收容设施完整性", "allowed": true}, {"text": "记录所有异常生命体征", "allowed": true}, {"text": "严禁尝试与实体进行任何形式的交流", "allowed": false}, {"text": "禁止进行能力测试或验证实验", "allowed": false}, {"text": "禁止讨论实体能力的理论上限", "allowed": false}], "emergencyProcedures": [{"text": "维持实体无意识状态", "allowed": true}, {"text": "定期检查收容设施完整性", "allowed": true}, {"text": "记录所有异常生命体征", "allowed": true}, {"text": "严禁尝试与实体进行任何形式的交流", "allowed": false}, {"text": "禁止进行能力测试或验证实验", "allowed": false}, {"text": "禁止讨论实体能力的理论上限", "allowed": false}], "environmentFeatures": {"physical": ["外观：23岁人类男性", "自称姓名：[数据删除]", "能力范围：无已知限制"], "cognitive": ["自我认知：实体认为自己是某种能力的\\"载体\\"，而非独立个体", "道德观念：表现出强烈的赎罪意识和自我约束", "风险意识：充分理解自身能力的危险性", "合作态度：主动寻求收容，配合组织研究"]}, "responsibleDepartment": "档案与研究部"}	伊利亚·彼得连科总指挥 | [数据删除]	通过	鉴于实体威胁等级，建议永久维持当前收容状态，禁止任何可能导致实体觉醒的研究活动。—— [ESIG-CW]	/api/v1/uploads/TMS-O2847.png	2026-05-28 09:35:57.047	\N	\N		f	/api/v1/uploads/TMS-O2847.mp4	<svg xmlns="http://www.w3.org/2000/svg" viewBox="0 0 200 200">\n  <defs>\n    <radialGradient id="g-O2847" cx="50%" cy="50%" r="50%">\n      <stop offset="0%" stop-color="#6B21A8" stop-opacity="0.15"/>\n      <stop offset="70%" stop-color="#3B0764" stop-opacity="0.08"/>\n      <stop offset="100%" stop-color="#0a0a0a" stop-opacity="0"/>\n    </radialGradient>\n    <radialGradient id="void-O2847" cx="50%" cy="50%" r="50%">\n      <stop offset="0%" stop-color="#C084FC" stop-opacity="0.4"/>\n      <stop offset="40%" stop-color="#6B21A8" stop-opacity="0.15"/>\n      <stop offset="100%" stop-color="#0a0a0a" stop-opacity="0"/>\n    </radialGradient>\n  </defs>\n  <!-- 外环 -->\n  <circle cx="100" cy="100" r="92" fill="url(#g-O2847)" stroke="#6B21A8" stroke-width="0.6" opacity="0.25"/>\n  <!-- 虚空圆 -->\n  <circle cx="100" cy="100" r="42" fill="url(#void-O2847)" stroke="#C084FC" stroke-width="1.2" opacity="0.3"/>\n  <!-- 否定交叉 X -->\n  <line x1="72" y1="72" x2="128" y2="128" stroke="#C084FC" stroke-width="2" opacity="0.45"/>\n  <line x1="128" y1="72" x2="72" y2="128" stroke="#C084FC" stroke-width="2" opacity="0.45"/>\n  <!-- 二级否定 X (内层) -->\n  <line x1="85" y1="85" x2="115" y2="115" stroke="#6B21A8" stroke-width="0.8" opacity="0.3"/>\n  <line x1="115" y1="85" x2="85" y2="115" stroke="#6B21A8" stroke-width="0.8" opacity="0.3"/>\n  <!-- 消融环 (逐渐消失的虚线圆) -->\n  <circle cx="100" cy="100" r="62" fill="none" stroke="#C084FC" stroke-width="0.6" opacity="0.2" stroke-dasharray="8 6"/>\n  <circle cx="100" cy="100" r="52" fill="none" stroke="#C084FC" stroke-width="0.5" opacity="0.15" stroke-dasharray="5 8"/>\n  <circle cx="100" cy="100" r="32" fill="none" stroke="#C084FC" stroke-width="0.4" opacity="0.1" stroke-dasharray="3 10"/>\n  <!-- 否定标记点 (四角) -->\n  <circle cx="62" cy="62" r="1.5" fill="#C084FC" opacity="0.3"/>\n  <circle cx="138" cy="62" r="1.5" fill="#C084FC" opacity="0.3"/>\n  <circle cx="62" cy="138" r="1.5" fill="#C084FC" opacity="0.3"/>\n  <circle cx="138" cy="138" r="1.5" fill="#C084FC" opacity="0.3"/>\n</svg>
21	MED-E0771	医疗报告	"悲鸣"模因的音频频谱分析与心理影响评估	活跃	\N	\N	\N	4	4	69	2026-06-02 09:36:30.946	4级	本附件为医疗部门对"悲鸣"模因的专项分析摘要，详细阐述了其作用机制、心理影响阶段及治疗方案，是对抗该认知危害的核心医疗依据。	{模因感染}	{"appendices": [{"code": "A", "content": "患者典型脑电图对比分析"}, {"code": "B", "content": "音频频谱详细分析数据"}, {"code": "C", "content": "治疗案例记录与效果评估"}], "leadPerson": "戴维·卡特博士", "coreHazards": [{"type": "模因感染", "mechanism": "通过音频频谱直接作用于人类情感处理中枢，能够在短时间内造成不可逆的心理损害"}, {"type": "自我增强循环", "mechanism": "能够将受害者的绝望情绪转化为新的模因载体，形成正反馈循环"}, {"type": "生命终结", "mechanism": "个体被虫群包裹后，意识活动在72小时内逐渐熄灭并被同化，生物质被分解利用"}], "clinicalStages": [{"stage": "阶段一 (感染)", "symptoms": "情绪莫名低落，听到无法忽视的微弱\\"悲鸣\\"或\\"低语\\"，产生轻微的无价值感", "timeFeature": "0至2小时暴露", "physiologicalBasis": "神经活动开始受到模因影响", "psychologicalImpact": "前额叶皮层活动被抑制，杏仁核活动增强"}, {"stage": "阶段二 (同化)", "symptoms": "理性思考能力显著下降，虚无主义与自我否定情绪占据主导。产生强烈的、强迫性的冲动，要求受害者主动走向并接触虫群，认为这是\\"回归整体\\"、\\"获得解放\\"的唯一途径", "timeFeature": "2至6小时暴露/或高强度短期暴露", "physiologicalBasis": "大脑神经活动呈现高度同步化异常", "psychologicalImpact": "神经活动呈现高度同步化异常，类似于重度抑郁状态，但更为急骤"}, {"stage": "阶段三 (转化)", "symptoms": "个体被虫群包裹后，意识活动在72小时内逐渐熄灭并被同化。其生物质被分解利用，生成新的TMS-E0771个体", "timeFeature": "与高密度集群物理接触后", "physiologicalBasis": "不可逆。视为生命终结", "psychologicalImpact": "其最终的绝望与虚无感将成为新集群模因信号的一部分，形成一个正反馈循环"}], "treatmentPlans": [{"stage": "预防", "method": "全频段白噪音干扰", "target": "所有人员", "measures": "唯一有效的现场阻断手段"}, {"stage": "早期干预 (阶段一)", "method": "立即撤离暴露环境，接受强制性心理评估。采用认知行为疗法（CBT）结合情感稳定药物", "target": "阶段一患者", "measures": "及时干预效果良好"}, {"stage": "中期干预 (阶段二)", "method": "高强度心理干预，通常在隔离设施中进行。可能需使用神经阻断剂进行\\"硬重置\\"，并结合反模因信息进行认知重构", "target": "阶段二患者", "measures": "复发率高"}, {"stage": "终期 (阶段三)", "method": "无治疗方案", "target": "阶段三患者", "measures": "建议进行人道主义终结，以防止其转化为新的模因源并终结其痛苦"}], "recommendations": [{"type": "预防措施", "measures": "所有接触TMS-E0771的人员必须配备全频段音频屏蔽设备"}, {"type": "早期干预", "measures": "建立快速心理评估机制，确保暴露人员在2小时内接受专业治疗"}, {"type": "研究方向", "measures": "优先研发针对模因感染的神经阻断药物和反模因信息技术"}, {"type": "人员培训", "measures": "加强心理健康筛查，避免易感人群接触相关任务"}], "executiveSummary": [{"item": "模因来源", "conclusion": "由超过\\"卡斯科阈值\\"的TMS-E0771个体集群振翅频率产生。并非单一频率，而是一种复杂的、不断变化的谐波叠加"}, {"item": "传播媒介", "conclusion": "通过空气振动传播，可被听觉系统接收。其模因效应不依赖于理解特定语言"}, {"item": "物理特性", "conclusion": "频谱分析显示，其核心频率范围与人类大脑中处理悲伤、绝望情感的神经活动区域高度耦合"}], "sourceDepartment": "医疗与心理部", "mechanismAnalysis": [{"dimension": "感染方式", "description": "通过听觉系统接收异常音频频谱，直接作用于情感处理中枢"}, {"dimension": "认知框架", "description": "模因效应不依赖于理解特定语言，通过音频频谱直接耦合"}, {"dimension": "神经机制", "description": "核心频率范围与人类大脑中处理悲伤、绝望情感的神经活动区域高度耦合"}], "responsibleDepartment": "医疗与心理部", "treatmentDifficulties": [{"type": "早期干预依赖", "description": "阶段一及时干预效果良好，但阶段二复发率高"}, {"type": "终期不可逆", "description": "阶段三无治疗方案，建议进行人道主义终结"}, {"type": "易感人群", "description": "预先存在抑郁症、焦虑症、PTSD患者及存在主义危机者抵抗力显著低于心理健康基线水平"}]}	埃莉诺·肖博士 | [数据删除]	通过	本报告为应对TMS-E0771威胁的核心医疗指导文件，建议定期更新治疗方案。 —— 埃莉诺·肖博士	\N	2026-05-28 09:35:57.216	\N	\N		f	\N	\N
2	TMS-L0234	阈界档案	明知山 (The Mountain of Knowing)	活跃	琥珀色-C	琥珀色	\N	3	2	54	2026-06-04 15:37:50.587	3级	明知山外观表现为一座高约3000米的山脉，地形随时间和观察者心理状态动态变化。其核心区域被描述为"知识之巅"，一个散发微光的悬浮结构，疑似为信息实体或认知奇点的具象化。进入者普遍报告听到低频"低语"，内容为高度抽象的数学公式、哲学命题或未知语言片段。暴露时间越长，进入者越可能陷入认知过载或失去自我意识。	{"认知危害：暴露者可能因接触\\"不可知知识\\"导致记忆紊乱、认知锁定或人格解体",环境危害：山脉地形动态变化，可能导致物理迷失或空间陷阱,"模因感染：部分暴露者可能传播\\"明知山\\"相关信息，引发次级感染"}	{"phases": [{"name": "初始暴露", "target": "认知危害初始阶段", "duration": "0-30分钟", "mechanism": "进入者感知低频低语，伴随轻微头痛和方向感丧失", "keyIndicator": "头痛和方向感丧失", "manifestation": "感知低频低语，伴随轻微头痛和方向感丧失"}, {"name": "中期暴露", "target": "认知危害中期阶段", "duration": "30分钟-2小时", "mechanism": "暴露者开始接收\\"不可知知识\\"，表现为强制记忆植入", "keyIndicator": "强制记忆植入，幻觉或强迫性书写行为", "manifestation": "可能出现幻觉或强迫性书写行为"}, {"name": "晚期暴露", "target": "认知危害晚期阶段", "duration": "2小时以上", "mechanism": "认知过载，可能导致人格解体、意识分裂或永久性昏迷", "keyIndicator": "人格解体、意识分裂或永久性昏迷", "manifestation": "暴露者可能试图传播\\"低语\\"内容，引发模因感染"}], "protocols": [{"phase": "隔离", "measures": "在明知山周围50公里建立隔离区，禁止未经授权人员进入", "department": "外勤行动部", "procedureName": "区域封锁"}, {"phase": "接触", "measures": "所有进入者需佩戴认知屏障设备，暴露时间不得超过30分钟", "department": "勘探队", "procedureName": "限制暴露"}, {"phase": "净化", "measures": "对暴露者实施记忆抑制治疗，销毁所有相关文字或音频记录", "department": "医疗与心理部", "procedureName": "模因净化"}, {"phase": "监控", "measures": "监控全球范围内\\"低语\\"相关信息，销毁或隔离传播源", "department": "联络与掩盖部门", "procedureName": "信息封锁"}], "commonName": "明知山 (Mingshan)", "leadPerson": "林知远博士", "properties": [{"name": "动态地貌", "scope": "整个山脉区域，约50平方公里", "category": "地形", "description": "山脉地形无固定形态，路径和高度随观察者感知变化，可能导致无限循环路径"}, {"name": "不可知知识", "scope": "直接接触者，间接传播至接触信息者", "category": "认知危害", "description": "暴露者接收到超出人类认知极限的信息，可能引发记忆紊乱或人格解体"}, {"name": "模因传播", "scope": "全球范围（通过信息传播）", "category": "低语效应", "description": "低频\\"低语\\"可通过语言、文字或音频传播，诱导非直接暴露者进入山脉"}, {"name": "非欧几里得空间", "scope": "核心区域，约1公里半径", "category": "空间异常", "description": "核心区域违反几何规律，距离和方向不可测，可能导致永久迷失"}], "coreFeatures": "动态地貌、不可知知识、低语效应、非欧几里得空间", "responseTeam": "勘探队\\"伽马\\"", "anomalyReport": "当地村民报告\\"会说话的山\\"，失踪者声称听到\\"神的教诲\\"后失踪", "archiveNature": "本档案记录了阈界地点\\"明知山\\"（TMS-L0234），一个以认知危害为核心的异常空间，表现为一座具有动态变化地形的山脉，其核心特性为诱导进入者获得\\"不可知知识\\"并引发认知过载或心理崩溃。本档案基于勘探队\\"伽马\\"的多次勘探数据，旨在分析其机制并制定应对协议。", "knownEntities": [{"name": "\\"知识之巅\\"", "type": "疑似信息实体或认知奇点的具象化", "behavior": "散发微光的悬浮结构，位于核心区域", "mechanism": "诱导进入者获得\\"不可知知识\\"并引发认知过载", "dangerLevel": "极高", "contactRecord": "勘探队\\"伽马\\"多次接近核心区域，均因认知危害被迫撤离"}], "sourceDepartment": "外勤行动部 / 勘探队\\"伽马\\"", "discoveryLocation": "[数据删除]，亚洲某偏远山区", "threatAssessments": [], "accessRequirements": [{"text": "使用经过验证的认知屏障设备，记录数据前需经档案员审查", "allowed": true}, {"text": "直接记录或传播\\"低语\\"内容，未经净化不得离开隔离区", "allowed": false}], "behaviorGuidelines": [{"text": "使用经过验证的认知屏障设备，记录数据前需经档案员审查", "allowed": true}, {"text": "直接记录或传播\\"低语\\"内容，未经净化不得离开隔离区", "allowed": false}], "emergencyProcedures": [], "environmentFeatures": {"physical": ["重力：局部区域重力波动，范围0.8g至1.2g", "温度：表面温度-10°C至20°C，核心区域恒定15°C", "时间流：正常，但暴露者主观时间感紊乱，可能感知数小时为数年", "电磁干扰：核心区域电磁信号失真，常规设备失效"], "cognitive": ["低语效应：进入者普遍报告听到低频\\"低语\\"", "内容特征：高度抽象的数学公式、哲学命题或未知语言片段", "认知过载：暴露时间越长，越可能陷入认知过载或失去自我意识"]}, "responsibleDepartment": "档案与研究部"}	林知远博士 | [数据删除]	通过	明知山的"不可知知识"可能是某种信息实体的投影，其传播机制尚未完全理解。建议优先研发更高效的认知屏障设备，并对暴露者进行长期跟踪。—— 安雅·夏尔马	/api/v1/uploads/TMS-L0234.png	2026-05-28 09:35:57.016	\N			f	/api/v1/uploads/TMS-L0234.mp4	<svg xmlns="http://www.w3.org/2000/svg" viewBox="0 0 200 200">\n  <defs>\n    <radialGradient id="g-L0234" cx="50%" cy="50%" r="55%">\n      <stop offset="0%" stop-color="#B45309" stop-opacity="0.15"/>\n      <stop offset="100%" stop-color="#0a0a0a" stop-opacity="0"/>\n    </radialGradient>\n  </defs>\n  <!-- 外环 -->\n  <circle cx="100" cy="100" r="92" fill="url(#g-L0234)" stroke="#B45309" stroke-width="0.6" opacity="0.2"/>\n  <!-- 主峰 -->\n  <polygon points="100,22 140,95 60,95" fill="none" stroke="#FBBF24" stroke-width="1.5" opacity="0.5"/>\n  <!-- 左峰 -->\n  <polygon points="55,50 78,95 32,95" fill="none" stroke="#B45309" stroke-width="1" opacity="0.3"/>\n  <!-- 右峰 -->\n  <polygon points="145,50 168,95 122,95" fill="none" stroke="#B45309" stroke-width="1" opacity="0.3"/>\n  <!-- 山体分层 (等高线) -->\n  <line x1="88" y1="55" x2="112" y2="55" stroke="#FBBF24" stroke-width="0.5" opacity="0.2"/>\n  <line x1="76" y1="68" x2="124" y2="68" stroke="#FBBF24" stroke-width="0.5" opacity="0.18"/>\n  <line x1="65" y1="80" x2="135" y2="80" stroke="#FBBF24" stroke-width="0.4" opacity="0.15"/>\n  <!-- 底部山脊线 -->\n  <path d="M 25 100 L 60 95 L 100 95 L 140 95 L 175 100" fill="none" stroke="#B45309" stroke-width="0.6" opacity="0.25"/>\n  <!-- 山巅之星 -->\n  <circle cx="100" cy="22" r="3" fill="#FBBF24" opacity="0.7"/>\n  <circle cx="100" cy="22" r="6" fill="none" stroke="#FBBF24" stroke-width="0.4" opacity="0.2"/>\n  <!-- 攀登路径 (虚线) -->\n  <path d="M 55 150 Q 68 130 75 115 Q 82 100 88 90 Q 94 78 98 65" fill="none" stroke="#B45309" stroke-width="0.8" opacity="0.25" stroke-dasharray="3 3"/>\n  <!-- 地面 -->\n  <line x1="25" y1="148" x2="175" y2="148" stroke="#B45309" stroke-width="0.8" opacity="0.25"/>\n</svg>
12	EXP-L0734	勘探记录	勘探队"伽马"(Gamma)对囤积者回廊(TMS-L0734)首次勘探日志	封存	\N	\N	\N	\N	3	59	2026-06-02 13:21:22.713	3级	本次勘探任务对囤积者回廊(TMS-L0734)进行了首次勘探，成功确认了该阈界的认知同化机制和防御性质。勘探队发现了由废料构成的非欧几里得空间，观察到"囤积仆从"的分类行为，并接触了阈界核心实体。尽管技术专员卡特在勘探过程中触发了"不可剥夺"规则导致环境敌对化，但通过及时的物品归还成功化解危机。	{认知扭曲,环境敌对化}	{"team": "伽马", "lessons": ["环境同化机制：囤积者回廊(TMS-L0734)通过渐进式认知影响实现同化，而非直接攻击。其核心策略是激发囤积欲望，使勘探者逐渐认同阈界的价值观。", "防御触发条件：\\"不可剥夺\\"规则是阈界的核心防御机制。任何试图移除物品的行为都会立即触发全面敌对反应。"], "analysis": {"completionRate": "75% - 成功获得核心数据，但触发防御机制", "personnelStatus": "全员安全撤离，卡特需心理治疗", "dataRecoveryRate": "完整的环境数据和实体行为记录", "theoreticalResearch": "[数据删除]", "coreMechanismConfirmed": "确认阈界具有强烈同化倾向"}, "timeline": [{"note": "非欧几里得几何特征，环境自我调整", "event": "通过木门进入，发现压缩废弃物构成的隧道", "phase": "初始进入", "status": "1级（轻微）", "timestamp": "00:00:01"}, {"note": "时间概念模糊，材料分类现象", "event": "墙壁材料跨越时代，出现分支通道", "phase": "隧道勘探", "status": "1级（轻微）", "timestamp": "00:01:15"}, {"note": "实体非攻击性，具有囤积行为模式", "event": "发现开阔空间，首次接触\\"囤积仆从\\"", "phase": "大厅一号", "status": "2级（中度）", "timestamp": "00:05:30"}, {"note": "环境同化倾向，分类系统存在", "event": "观察仆从分类系统，认知影响加深", "phase": "深入勘探", "status": "2级（中度）", "timestamp": "00:12:40"}, {"note": "核心为阈界中枢，产生强烈满足感", "event": "抵达\\"囤积核心\\"，发现能量源", "phase": "核心发现", "status": "3级（严重）", "timestamp": "00:18:20"}, {"note": "违反\\"不可剥夺\\"规则，环境敌对化", "event": "卡特捡起玻璃珠，触发防御机制", "phase": "违规事件", "status": "危险状态", "timestamp": "00:19:10"}, {"note": "物品归还后环境敌意消退", "event": "强制丢弃物品，成功脱离", "phase": "紧急撤退", "status": "恢复中", "timestamp": "00:20:55"}], "equipment": [{"name": "头盔摄像机（视觉/音频）"}, {"name": "生物计量传感器"}, {"name": "环境传感器套件"}, {"name": "心理波动记录仪"}], "leadPerson": "米拉·陈", "teamLeader": "米拉·陈", "discoveries": [{"type": "环境特征", "description": "非欧几里得空间，通道自我调整，时间概念模糊", "threatLevel": "中等"}, {"type": "实体", "description": "囤积仆从 - 由废料构成的小型生物，负责分类整理", "threatLevel": "低（非攻击性）"}, {"type": "核心实体", "description": "囤积核心 - 阈界中枢，产生静电场和认知影响", "threatLevel": "高"}, {"type": "防御机制", "description": "不可剥夺规则 - 移除物品触发环境敌对化", "threatLevel": "极高"}], "missionCode": "[数据删除]", "teamMembers": [{"name": "米拉·陈", "role": "领队", "field": "高级勘探员", "clearance": "3级"}, {"name": "艾萨克·韦伯", "role": "技术专家", "field": "技术分析", "clearance": "3级"}, {"name": "戴维·卡特博士", "role": "医疗与心理部副部长", "field": "医疗与心理评估", "clearance": "3级"}], "missionStatus": "已完成", "explorationDate": "[数据删除]", "followUpActions": ["心理治疗：对卡特博士进行为期一个月的强迫症倾向监测和治疗", "协议制定：基于此次勘探经验制定\\"囤积者回廊\\"专用操作协议", "设备开发：研发现实锚定装置以抵抗认知同化效应", "人员筛选：建立针对囤积倾向的心理筛选标准", "理论研究：深入分析阈界的防御机制和同化原理"], "missionOverview": "本日志为勘探队\\"伽马\\"对囤积者回廊(TMS-L0734)的首次勘探全程音频文字记录。日志详细记录了环境数据、实体初次接触、与\\"囤积核心\\"的互动以及因违反\\"不可剥夺\\"规则而引发的防御性敌对事件。此日志是构成TMS-L0734档案的核心一手数据来源。", "targetThreshold": "囤积者回廊(TMS-L0734)", "sourceDepartment": "勘探队\\"伽马\\"", "responsibleDepartment": "外勤行动部", "safetyRecommendations": [{"type": "进入限制", "measures": "严格禁止携带任何物品离开阈界"}, {"type": "心理防护", "measures": "配备抗强迫症药物，定期心理评估"}, {"type": "装备要求", "measures": "声波威慑设备，现实锚定装置"}, {"type": "人员筛选", "measures": "排除有囤积倾向或强迫症病史的人员"}]}	[数据删除]	通过	本档案为囤积者回廊(TMS-L0734)的核心参考资料，建议与阈界档案 TMS-L0734 配合阅读。	\N	2026-05-28 09:35:57.122	\N	\N		f	\N	\N
23	PRT-0002	协议手册	代码查询手册	活跃	\N	\N	2025-09-03 16:00:00	2	2	53	2026-06-02 16:29:28.43	3级	本文件为边际结构档案编码系统的快速查询手册	{}	{"scope": "所有使用档案编码的部门和人员", "version": "1.0", "sections": [{"title": "编码速查表", "content": "阈界档案：TMS-[类型][序号] 例：TMS-L0234\\n勘探记录：EXP-[阈界代码][-次数] 例：EXP-L0234-S2\\n对象档案：OBJ-[阈界代码][-对象序号] 例：OBJ-O0442-01\\n医疗报告：MED[-阈界代码] 例：MED-L0734\\n理论文件：THY[-阈界代码] 例：THY-O881\\n记录日志：LOG-[阈界代码][-序号] 例：LOG-L0234-02\\n行政文件：ADM-[部门代码]-[序号] 例：ADM-30-001\\n人事档案：HR-[部门][工号] 例：HR-10001\\n事件通信：EVT-[阈界代码]-[类型] 例：EVT-P0990-INC\\n协议手册：PRT-[全局序号] 例：PRT-0001"}, {"title": "部门代码表", "content": "10：最高指挥部\\n20：外勤行动部\\n30：档案与研究部\\n40：医疗与心理部\\n50：安全与防护部\\n60：后勤与架构部\\n70：临时人员/顾问\\n80：特殊状态"}, {"title": "类型代码", "content": "L：地点型阈界（建筑、地形等）\\nE：实体型阈界（生物、存在体等）\\nO：物体型阈界（物品、器具等）\\nP：现象型阈界（事件、效应等）\\nC：概念型阈界（思想、模因等）\\nT：理论型阈界（假设、模型等）"}], "leadPerson": "安雅·夏尔马 / 首席档案员", "effectiveDate": "2025年9月4日", "sourceDepartment": "档案与研究部", "responsibleDepartment": "档案与研究部"}	伊利亚·彼得连科 总指挥 | 2025年9月4日	通过	本手册整合《档案编码规则》、《阈界分类标准》和《档案管理规范》	\N	2026-05-28 09:35:57.236	\N	\N		f	\N	\N
3	TMS-L0734	阈界档案	囤积者回廊 (The Hoarder's Corridor)	活跃	黄色-CP	黄色	\N	3	2	54	2026-06-04 15:37:50.597	3级	TMS-L0734是一个高度特化的认知阈界，表现为一个无限延伸的、由压缩废弃物构成的非欧几里得空间隧道网络。其环境会响应进入者的潜意识，散发出低强度的焦虑感与囤积冲动（认知危害-C）。内部存在名为"囤积仆从"的自动现象实体及一个巨大的"囤积核心"。任何移除物品的企图都会引发阈界的防御机制。	{认知扭曲、空间迷失、非敌对性实体互动,囤积冲动、方向迷失、心理压力}	{"phases": [{"name": "认知影响阶段", "target": "进入者心理状态", "duration": "持续", "mechanism": "诱发强烈的囤积冲动和焦虑感", "keyIndicator": "焦虑感与囤积冲动增强", "manifestation": "进入者产生对特定物品的病理性留恋"}, {"name": "防御机制触发", "target": "试图移除物品的人员", "duration": "即时", "mechanism": "对物品移除行为产生强烈反应", "keyIndicator": "空间异常加剧", "manifestation": "阈界环境剧烈变化，空间扭曲加剧"}], "protocols": [{"phase": "日常", "measures": "阈界保持稳定状态，已建立持续监控机制", "department": "档案与研究部", "procedureName": "持续监控"}], "commonName": "囤积者回廊 (The Hoarder's Corridor)", "leadPerson": "林知远博士", "properties": [{"name": "拓扑结构", "scope": "整个阈界", "category": "空间属性", "description": "非线性，自我调整"}, {"name": "环境构成", "scope": "整个阈界", "category": "空间属性", "description": "各种年代的废弃物品（容器、纸张、纺织品、塑料等）"}, {"name": "大气条件", "scope": "整个阈界", "category": "空间属性", "description": "可呼吸，但充满悬浮颗粒物"}, {"name": "感官异常", "scope": "整个阈界", "category": "空间属性", "description": "弥漫陈旧纸张、灰尘与坚果气味；存在持续性低鸣"}], "coreFeatures": "非线性拓扑结构、环境响应进入者潜意识、防御机制对物品移除产生强烈反应", "responseTeam": "勘探队\\"伽马\\"", "anomalyReport": "勘探队\\"伽马\\"在例行勘探任务中发现了这一异常空间。初次接触时，戴维·卡特博士短暂受到认知影响，表现出对特定物品的病理性留恋，但在及时医疗干预下成功康复。", "archiveNature": "认知阈界，表现为无限延伸的废弃物构成的非欧几里得空间隧道网络", "knownEntities": [{"name": "囤积仆从 (E-734-1)", "type": "自动现象实体", "behavior": "收集、整理、搬运物品，献给囤积核心", "mechanism": "约30cm长，由废弃物构成的自动现象", "dangerLevel": "低（无智能，非主动敌对）", "contactRecord": "保持距离观察，避免干扰其活动"}, {"name": "囤积核心 (E-734-2)", "type": "阈界心脏与能量源", "behavior": "似乎是阈界的心脏与能量源", "mechanism": "约2m宽，球状，由无数小物品镶嵌而成", "dangerLevel": "中等（情绪状态直接影响整个阈界环境）", "contactRecord": "严禁接触，保持最大安全距离"}], "sourceDepartment": "外勤行动部 / 勘探队\\"伽马\\"", "discoveryLocation": "[数据删除]", "threatAssessments": [], "accessRequirements": [{"text": "所有接触人员必须通过2级心理评估", "allowed": true}, {"text": "标准勘探服配备空气过滤器", "allowed": true}, {"text": "建议携带现实锚定物", "allowed": true}, {"text": "持续心理状态监控", "allowed": true}], "behaviorGuidelines": [{"text": "与实体保持安全距离", "allowed": true}, {"text": "持续监控心理状态", "allowed": true}, {"text": "仅限于研究与监控活动", "allowed": true}, {"text": "禁止触碰、移动或试图移走任何物品", "allowed": false}, {"text": "禁止与实体进行直接接触", "allowed": false}, {"text": "禁止进行资源提取活动", "allowed": false}], "emergencyProcedures": [{"text": "出现强烈囤积冲动时立即撤离", "allowed": true}, {"text": "启动心理干预程序", "allowed": true}, {"text": "通知医疗部门准备认知污染治疗", "allowed": true}, {"text": "联系\\"堡垒\\"进行现场评估", "allowed": true}], "environmentFeatures": {"physical": ["拓扑结构：非线性，自我调整", "环境构成：各种年代的废弃物品（容器、纸张、纺织品、塑料等）", "大气条件：可呼吸，但充满悬浮颗粒物", "感官异常：弥漫陈旧纸张、灰尘与坚果气味；存在持续性低鸣"], "cognitive": ["认知影响：诱发强烈的囤积冲动和焦虑感", "环境响应：根据进入者心理状态调整空间布局"]}, "responsibleDepartment": "档案与研究部"}	林知远博士 | [数据删除]	通过	囤积者回廊的认知影响机制仍在研究中。建议加强对进入人员的心理筛查和后续跟踪。—— 安雅·夏尔马	/api/v1/uploads/TMS-L0734.png	2026-05-28 09:35:57.025	\N			f	/api/v1/uploads/TMS-L0734.mp4	<svg xmlns="http://www.w3.org/2000/svg" viewBox="0 0 200 200">\n  <defs>\n    <radialGradient id="g-L0734" cx="50%" cy="55%" r="55%">\n      <stop offset="0%" stop-color="#D97706" stop-opacity="0.2"/>\n      <stop offset="100%" stop-color="#0a0a0a" stop-opacity="0"/>\n    </radialGradient>\n  </defs>\n  <!-- 外环 -->\n  <circle cx="100" cy="100" r="92" fill="url(#g-L0734)" stroke="#D97706" stroke-width="0.6" opacity="0.2"/>\n  <!-- 透视回廊门框 (由外到内) -->\n  <rect x="30" y="32" width="140" height="130" rx="2" fill="none" stroke="#FCD34D" stroke-width="1.2" opacity="0.4"/>\n  <rect x="44" y="44" width="112" height="110" rx="2" fill="none" stroke="#D97706" stroke-width="1" opacity="0.35"/>\n  <rect x="58" y="56" width="84" height="90" rx="1.5" fill="none" stroke="#FCD34D" stroke-width="0.8" opacity="0.3"/>\n  <rect x="72" y="68" width="56" height="70" rx="1.5" fill="none" stroke="#D97706" stroke-width="0.6" opacity="0.25"/>\n  <rect x="86" y="80" width="28" height="50" rx="1" fill="none" stroke="#FCD34D" stroke-width="0.5" opacity="0.2"/>\n  <!-- 中心 (回廊尽头) -->\n  <rect x="93" y="88" width="14" height="35" rx="1" fill="none" stroke="#FCD34D" stroke-width="0.5" opacity="0.15"/>\n  <!-- 底部堆积物 (囤积) -->\n  <line x1="50" y1="155" x2="150" y2="155" stroke="#D97706" stroke-width="1.2" opacity="0.35"/>\n  <line x1="58" y1="160" x2="142" y2="160" stroke="#FCD34D" stroke-width="0.8" opacity="0.25"/>\n  <line x1="66" y1="165" x2="134" y2="165" stroke="#D97706" stroke-width="0.5" opacity="0.15"/>\n  <!-- 走廊地面线 -->\n  <line x1="35" y1="168" x2="165" y2="168" stroke="#FCD34D" stroke-width="0.4" opacity="0.15"/>\n  <!-- 天花板线 -->\n  <line x1="35" y1="28" x2="165" y2="28" stroke="#D97706" stroke-width="0.4" opacity="0.1"/>\n</svg>
6	TMS-L0735	阈界档案	深邃之海 (The Deep Oceanic Simulacrum)	活跃	琥珀色-C	琥珀色	\N	3	2	54	2026-06-04 15:37:50.602	5级	TMS-L0735是一个物理规则主导的阈界，其环境表现为一个无光、无限延伸的海洋空间。其物理定律是基准现实的扭曲变体：静水压力随深度呈指数级增长，但不会立即导致生物死亡。取而代之的是一种称为"淹没效应"的渐进式同化过程，同时作用于生理和认知层面。该阈界被认为是由人类集体潜意识中对"未知深渊"的原始恐惧固化而成，其表现形式与各类海洋探险神话（如马里亚纳海沟传说）存在高度关联性。	{极端环境压力,下沉引力,认知溶解}	{"phases": [{"name": "第一阶段：生理压缩", "target": "生理层面", "duration": "渐进", "mechanism": "身体组织非牛顿力学式压缩，骨骼密度增加，体液粘稠化，新陈代谢减缓", "keyIndicator": "身体组织压缩，新陈代谢减缓", "manifestation": "轻微意识模糊"}, {"name": "第二阶段：认知溶解", "target": "认知层面", "duration": "渐进", "mechanism": "记忆、人格、思维能力\\"液化\\"和\\"稀释\\"，时间感错乱，下沉溺水幻觉", "keyIndicator": "记忆、人格、思维能力退化", "manifestation": "认知功能退化"}, {"name": "第三阶段：最终同化", "target": "完全同化", "duration": "不可逆", "mechanism": "生理结构转化为\\"海雪\\"有机沉淀物", "keyIndicator": "生理结构转化为有机沉淀物", "manifestation": "无知觉、无自我的静态存在"}], "protocols": [{"phase": "预防阶段", "measures": "监测并标记已知可能出现连接点的区域，规避未经批准的接触", "department": "外勤行动部", "procedureName": "规避为主"}, {"phase": "勘探阶段", "measures": "配备大功率推进器及紧急上浮系统，克服下沉引力", "department": "勘探队", "procedureName": "强制上浮"}, {"phase": "安全阶段", "measures": "设定绝对返航深度，超过立即启动紧急上浮", "department": "勘探队", "procedureName": "深度限制"}, {"phase": "后续阶段", "measures": "返回人员接受高压氧治疗与长期心理评估", "department": "医疗与心理部", "procedureName": "心理监测"}], "commonName": "\\"DOS阈界\\"", "leadPerson": "林知远博士", "properties": [{"name": "外观", "scope": "深海海沟或海洋异常频发区域", "category": "入口特性", "description": "稳定漩涡，直径5-10米，出现在深海海沟或海洋异常频发区域"}, {"name": "物理特性", "scope": "入口区域", "category": "入口特性", "description": "温度恒定，声波发射，水体温度4°C，低频声波类似鲸鸣，携带弱模因信息"}, {"name": "稳定性", "scope": "入口区域", "category": "入口特性", "description": "临时波动点，持续时间数小时至数天，难以预测和维持"}, {"name": "引力效应", "scope": "整个阈界", "category": "内部特性", "description": "下沉引力，无形定向力场，产生持续向下加速度，常规推进手段无法对抗"}, {"name": "空间规模", "scope": "整个阈界", "category": "内部特性", "description": "超大尺度，远超基准现实海洋，最大探测深度-150,000米"}, {"name": "环境条件", "scope": "整个阈界", "category": "内部特性", "description": "无光、水体类似海水、无原生生物、绝对寂静（除模因声波）"}], "coreFeatures": "随深度指数级增长的环境压力所引发的\\"淹没效应\\"，会导致勘探者遭受生理压缩与认知溶解", "responseTeam": "勘探队\\"伽马\\"", "anomalyReport": "临时波动点意外进入", "archiveNature": "物理主导型阈界TMS-L0735（\\"深邃之海\\"），表现为物理定律被扭曲的无限海洋空间", "knownEntities": [], "sourceDepartment": "外勤行动部 / 勘探队\\"伽马\\" / 档案与研究部", "discoveryLocation": "太平洋中部", "threatAssessments": [], "accessRequirements": [], "behaviorGuidelines": [], "emergencyProcedures": [], "environmentFeatures": {"physical": ["入口外观：稳定漩涡，直径5-10米", "入口位置：深海海沟或海洋异常频发区域", "水体温度：4°C", "低频声波：类似鲸鸣，携带弱模因信息", "引力效应：下沉引力，无形定向力场", "空间规模：最大探测深度-150,000米", "环境条件：无光、水体类似海水、无原生生物、绝对寂静"], "cognitive": ["模因声波：低频声波类似鲸鸣，携带弱模因信息", "认知溶解：记忆、人格、思维能力\\"液化\\"和\\"稀释\\"", "时间感错乱：主观时间感知紊乱", "下沉溺水幻觉：持续的溺水幻觉"]}, "responsibleDepartment": "档案与研究部"}	林知远博士 | [数据删除]	通过	深邃之海的淹没效应机制极其危险，建议严格限制勘探深度，加强对太平洋异常区域的监控。—— 安雅·夏尔马	/api/v1/uploads/TMS-L0735.png	2026-05-28 09:35:57.059	\N	\N		f	/api/v1/uploads/TMS-L0735.mp4	<svg xmlns="http://www.w3.org/2000/svg" viewBox="0 0 200 200">\n  <defs>\n    <radialGradient id="g-L0735" cx="50%" cy="55%" r="55%">\n      <stop offset="0%" stop-color="#B45309" stop-opacity="0.2"/>\n      <stop offset="100%" stop-color="#0a0a0a" stop-opacity="0"/>\n    </radialGradient>\n  </defs>\n  <!-- 外环 -->\n  <circle cx="100" cy="100" r="92" fill="url(#g-L0735)" stroke="#B45309" stroke-width="0.6" opacity="0.2"/>\n  <!-- 波浪层 1 -->\n  <path d="M 20 65 Q 45 55 70 65 Q 95 75 120 65 Q 145 55 180 65" fill="none" stroke="#FBBF24" stroke-width="1.2" opacity="0.4"/>\n  <!-- 波浪层 2 -->\n  <path d="M 20 90 Q 50 78 80 90 Q 110 102 140 90 Q 160 82 180 90" fill="none" stroke="#B45309" stroke-width="1" opacity="0.35"/>\n  <!-- 波浪层 3 -->\n  <path d="M 20 115 Q 55 105 90 115 Q 125 125 160 115 Q 172 110 180 115" fill="none" stroke="#FBBF24" stroke-width="0.8" opacity="0.25"/>\n  <!-- 波浪层 4 (底部) -->\n  <path d="M 20 140 Q 60 130 100 140 Q 140 150 180 140" fill="none" stroke="#B45309" stroke-width="0.6" opacity="0.2"/>\n  <!-- 下潜三角 -->\n  <polygon points="100,25 110,65 90,65" fill="none" stroke="#FBBF24" stroke-width="1.5" opacity="0.4"/>\n  <polygon points="100,40 106,62 94,62" fill="none" stroke="#FBBF24" stroke-width="0.6" opacity="0.2"/>\n  <!-- 下潜轨迹 -->\n  <line x1="100" y1="65" x2="100" y2="155" stroke="#FBBF24" stroke-width="0.5" opacity="0.15" stroke-dasharray="3 4"/>\n  <!-- 气泡 -->\n  <circle cx="80" cy="50" r="2" fill="none" stroke="#FBBF24" stroke-width="0.4" opacity="0.3"/>\n  <circle cx="120" cy="45" r="1.5" fill="none" stroke="#FBBF24" stroke-width="0.4" opacity="0.25"/>\n  <circle cx="110" cy="55" r="1" fill="none" stroke="#FBBF24" stroke-width="0.3" opacity="0.2"/>\n  <!-- 深渊底部 -->\n  <path d="M 40 160 L 50 170 L 60 160 L 70 170 L 80 160 L 90 170 L 100 160 L 110 170 L 120 160 L 130 170 L 140 160 L 150 170 L 160 160" fill="none" stroke="#B45309" stroke-width="0.4" opacity="0.15"/>\n</svg>
156	TMS-O0442	阈界档案	回音殿堂 (Echo Hall)	活跃	\N	\N	\N	3	2	57	2026-06-04 15:37:50.606	3级	回音殿堂(TMS-O442)外观表现为一座巨大的圆形大厅，天花板高度约30米，墙壁由未知反光材质构成。该阈界入口位于废弃音乐厅地下室。大厅中央设有一升高平台，其上排列有七块共鸣水晶(OBJ-O0442-01)。阈界核心异常为极端声学延迟——普通声音的回音可持续15–20秒。其核心异常通过声波共振机制影响进入者认知，并可通过共鸣水晶引发空间扭曲与实体召唤。	{}	{"phases": [{"name": "初始暴露", "target": "降低警惕", "duration": "0-30秒", "mechanism": "接触者听到异常回音或水晶共振音", "keyIndicator": "定向障碍", "manifestation": "轻微定向障碍与注意力分散"}, {"name": "短期暴露", "target": "情绪操控", "duration": "30秒-2分钟", "mechanism": "认知共鸣效应激活，情绪状态被显著放大", "keyIndicator": "情绪异常放大", "manifestation": "负面情绪引发不适，正面情绪产生欣快感，瞳孔扩张"}, {"name": "中期暴露", "target": "现实感瓦解", "duration": "2-15分钟", "mechanism": "认知污染深化，出现音乐性幻觉与和谐强迫症", "keyIndicator": "音乐性幻觉", "manifestation": "强烈的加入冲动，现实锚定松动，空间迷失"}, {"name": "长期暴露", "target": "完全同化", "duration": "15分钟以上", "mechanism": "现实感严重受损，局部现实扭曲，回音实体召唤", "keyIndicator": "现实扭曲", "manifestation": "不存在的门，听觉损伤，记忆混乱，时间感知异常"}], "protocols": [{"phase": "进入前", "measures": "进入者需佩戴主动降噪耳罩与声波屏蔽器", "department": "安全与防护部", "procedureName": "声学防护协议"}, {"phase": "进入中", "measures": "实时监测心率、脑电波及瞳孔反应，异常时立即撤离", "department": "医疗与心理部", "procedureName": "认知监测协议"}, {"phase": "操作", "measures": "仅允许使用远程机械臂接触共鸣水晶，严禁直接物理接触", "department": "档案与研究部", "procedureName": "水晶操作协议"}, {"phase": "撤离", "measures": "任一接触者出现认知异常症状时，全员立即沿声波引导绳撤离", "department": "外勤行动部", "procedureName": "紧急撤离协议"}], "commonName": "回音殿堂 (Echo Hall)", "properties": [{"name": "圆形大厅", "scope": "整个阈界内部", "category": "空间结构", "description": "直径约数据删除米的正圆形空间，天花板高度约30米，墙壁为未知反光材质"}, {"name": "极端回音延迟", "scope": "整个大厅空间", "category": "声学异常", "description": "声音回音延迟达15-20秒，回音强度衰减极慢，可能产生声波叠加与共振"}, {"name": "共鸣水晶阵列", "scope": "中央平台及周边区域", "category": "核心对象", "description": "七块共鸣水晶排列于中央平台，对特定频率声波极度敏感，可触发认知影响与空间扭曲"}, {"name": "回音实体", "scope": "共振发生区域", "category": "实体现象", "description": "高强度共振时出现的半透明人形轮廓，由声波纹理构成，具有模仿行为"}, {"name": "次声波认知污染", "scope": "直接接触者", "category": "认知危害", "description": "水晶共振释放的次声波可直接影响意识，导致情绪放大、认知异常及现实感丧失"}], "coreFeatures": "极端回音延迟、共鸣水晶阵列、声波共振机制、回音实体召唤、次声波认知污染", "responseTeam": "勘探队\\"贝塔\\"（队长：莉亚·沃克中尉）", "anomalyReport": "监测系统检测到该地下室出现极端声学异常及微弱电磁干扰", "archiveNature": "声学异常驱动的空间型阈界，以极端回音延迟和认知危害为特征", "knownEntities": [{"name": "回音实体", "type": "声波实体", "behavior": "高强度共振时出现，具有模仿行为", "mechanism": "由声波纹理构成的半透明人形轮廓，可模拟接触者行为与语言", "dangerLevel": "中-高", "contactRecord": "勘探队\\"贝塔\\"在实验中观察到此现象"}], "comparisonThreats": [], "discoveryLocation": "数据删除，废弃音乐厅地下室", "threatAssessments": [], "accessRequirements": [{"text": "基础勘探许可（3级）：允许进入回音殿堂进行初步观察与声学测量", "allowed": true}, {"text": "水晶操作与实验研究许可（4级）：允许使用远程机械臂操作共鸣水晶", "allowed": false}, {"text": "回音实体接触研究许可（5级）：允许在高强度共振状态下研究回音实体", "allowed": false}], "behaviorGuidelines": [{"text": "严禁在回音殿堂内发出任何超过60分贝的声音——可能触发不可控共振与实体召唤", "allowed": false}, {"text": "进入者必须两人一组，保持视线接触——认知污染可能导致单人迷失方向", "allowed": false}, {"text": "单次停留不得超过15分钟——超过15分钟认知污染风险急剧上升", "allowed": false}, {"text": "严禁直接触碰共鸣水晶——可能触发认知污染与空间扭曲", "allowed": false}], "emergencyProcedures": [{"text": "认知污染应急：立即切断声源 → 佩戴隔音头盔 → 施用认知稳定剂 → 撤离至净化区", "allowed": true}, {"text": "实体召唤应急：停止所有共振操作 → 启动声波反相器 → 全员撤离 → 封锁入口", "allowed": true}], "environmentFeatures": {"physical": ["空间结构：正圆形大厅，直径约数据删除米，高度约30米", "墙壁材质：未知反光材料，具有高声波反射率", "温度：大厅整体18-22°C，水晶周边区域恒定12-15°C", "声学环境：背景噪音低于10分贝，任何人声触发极端回音延迟", "电磁环境：水晶周边存在微弱电磁异常，电导率读数异常", "光照：无自然光源，水晶散发微弱蓝紫色光芒提供有限照明"], "cognitive": ["次声波污染：水晶共振释放次声波直接影响意识", "认知共鸣：情绪状态被共振显著放大", "和谐强迫症：产生强烈的加入冲动"]}}	艾德里安·克拉克 | 2024年1月15日	通过	本档案基于勘探队"贝塔"首次勘探数据编制。回音殿堂的核心异常机制为声学共振驱动，与共鸣水晶存在直接关联。建议对共鸣水晶进行独立对象建档(OBJ-O0442-01)，并持续监测其声学特性变化。—— 安雅·夏尔马	/api/v1/uploads/TMS-O0442.png	2026-06-03 01:27:31.13	\N	# 回音殿堂 (Echo Hall)\n\n---\n\n## 档案信息\n\n| 项目 | 内容 |\n|------|------|\n| **归档状态** | 活跃 (Active) |\n| **归档编码** | TMS-O442 |\n| **阈界编码** | TMS-O442 |\n| **文件标题** | 回音殿堂 (Echo Hall) |\n| **通用代号** | 回音殿堂 (Echo Hall) |\n| **威胁等级** | 橙色-CP (主动危险，认知危害/物理危害) |\n| **归档日期** | 2023年11月5日 |\n| **来源部门** | 外勤行动部 / 勘探队"贝塔" |\n| **访问权限** | 3级 |\n| **负责部门** | 档案与研究部 |\n| **主要负责人** | 艾德里安·克拉克 |\n| **最后更新** | 2024年1月15日 |\n\n---\n\n## 档案说明\n\n> **档案性质**  \n> 本档案记录了阈界地点回音殿堂(TMS-O442)，一个以声学异常为核心的空间型阈界，表现为一座具有极端回音延迟特性的圆形大厅。其核心异常通过声波共振机制影响进入者认知，并可通过共鸣水晶引发空间扭曲与实体召唤。本档案基于勘探队"贝塔"的首次勘探数据及后续实验室分析编制。\n\n> **主要危险**\n> - **声学异常：** 回音延迟时间远超物理定律，任何声音均可能触发不可控共振\n> - **认知危害：** 共鸣水晶通过次声波影响意识，导致认知污染、情绪放大及现实感丧失\n> - **空间扭曲：** 高强度共振状态下可在局部范围引发非欧几里得空间异常\n> - **实体危害：** 高强度共振可能召唤"回音实体"，具有模仿行为与心理干扰能力\n> - **物理危害：** 水晶共振引发的次声波可能导致听觉损伤及定向障碍\n\n> **关联文件**\n> - [[EXP-O0442]] - 勘探队"贝塔"首次勘探日志\n> - [[EL-O0442-V2]] - 共鸣水晶实验记录\n> - [[OBJ-O0442-01]] - 共鸣水晶对象档案\n> - [[MED-O0442]] - 马克·陈听觉异常评估报告\n> - [[PRT-OPR-ECH]] - 回音殿堂操作协议（⚠️ 需按PRT全局序号重新分配编码）\n> - [[PRT-SAF-SOP-LAB]] - 实验室安全操作规程（⚠️ 需按PRT全局序号重新分配编码）\n\n---\n\n## 核心特征\n\n> **基本描述**  \n> 回音殿堂(TMS-O442)外观表现为一座巨大的圆形大厅，天花板高度约30米，墙壁由未知反光材质构成。该阈界入口位于[数据删除]废弃音乐厅地下室，于2023年11月1日被监测系统发现。大厅中央设有一升高平台，其上排列有七块共鸣水晶(OBJ-O0442-01)，呈未知几何图案分布。阈界核心异常为极端声学延迟——普通声音（如脚步声、说话声）的回音可持续15–20秒，远超正常物理定律允许范围。\n\n### 特性分析表\n\n| 特性类别 | 名称 | 描述 | 影响范围 |\n|----------|------|------|----------|\n| **空间结构** | 圆形大厅 | 直径约[数据删除]米的正圆形空间，天花板高度约30米，墙壁为未知反光材质 | 整个阈界内部 |\n| **声学异常** | 极端回音延迟 | 声音回音延迟达15–20秒，且回音强度衰减极慢，可能产生声波叠加与共振 | 整个大厅空间 |\n| **核心对象** | 共鸣水晶阵列 | 七块共鸣水晶排列于中央平台，对特定频率声波极度敏感，可触发认知影响与空间扭曲 | 中央平台及周边区域 |\n| **实体现象** | 回音实体 | 高强度共振时出现的半透明人形轮廓，由声波纹理构成，具有模仿行为 | 共振发生区域 |\n| **认知危害** | 次声波认知污染 | 水晶共振释放的次声波可直接影响意识，导致情绪放大、认知异常及现实感丧失 | 直接接触者及声波覆盖范围 |\n\n---\n\n## 异常特性\n\n### 环境参数表\n\n| 参数 | 描述 |\n|------|------|\n| **空间结构** | 正圆形大厅，直径约[数据删除]米，高度约30米，非欧几里得空间特性待确认 |\n| **墙壁材质** | 未知反光材料，具有高声波反射率，可能参与回音延迟机制 |\n| **温度** | 大厅整体温度约18–22°C，水晶周边区域恒定于12–15°C |\n| **声学环境** | 背景噪音低于10分贝，但任何人为声音均触发极端回音延迟 |\n| **电磁环境** | 水晶周边存在微弱电磁异常，电导率读数异常 |\n| **光照** | 无自然光源，水晶散发微弱蓝紫色光芒提供有限照明 |\n\n### 认知影响进程\n\n基于勘探队"贝塔"的实地观察及马克·陈的案例分析，认知影响遵循以下进程：\n\n1. **初始暴露（0–30秒）：** 接触者听到异常回音或水晶共振音，伴随轻微定向障碍与注意力分散。马克·陈在触发共振后数秒内即报告"声音太美了"。\n2. **短期暴露（30秒–2分钟）：** 认知共鸣效应激活，接触者情绪状态被显著放大。负面情绪（焦虑、愤怒）引发强烈不适，正面情绪（喜悦、平静）产生欣快感。此阶段可能出现瞳孔扩张等生理反应。\n3. **中期暴露（2–15分钟）：** 认知污染深化，出现"音乐性幻觉"与"和谐强迫症"。接触者产生强烈的"加入""融入"冲动，现实锚定开始松动。空间迷失与方向感丧失常见。\n4. **长期暴露（15分钟以上）：** 现实感严重受损，可能出现局部现实扭曲（如看到"不存在的门"）。高强度共振下可召唤回音实体。听觉损伤、记忆混乱及时间感知异常风险显著上升。\n\n### 共鸣水晶阵列特性\n\n中央平台的七块共鸣水晶(OBJ-O0442-01)是回音殿堂的核心异常源。其特性包括：\n\n- **几何排列：** 七块水晶呈未知几何图案排列，图案可能具有声学聚焦或放大功能\n- **共振频率：** 对432Hz、528Hz、741Hz等特定频率极度敏感，口哨声、说话声均可触发\n- **联动效应：** 单块水晶被激活时，阵列中其他水晶可能产生连锁共振，放大效应\n- **实体召唤：** 当阵列整体进入高强度共振状态时，可能召唤多个回音实体同时出现\n\n---\n\n## 发现历史\n\n### 发现记录\n\n| 项目 | 详情 |\n|------|------|\n| **发现地点** | [数据删除]，废弃音乐厅地下室 |\n| **异常报告** | 监测系统检测到该地下室出现极端声学异常及微弱电磁干扰 |\n| **响应队伍** | 勘探队"贝塔"（队长：莉亚·沃克中尉） |\n| **首次勘探日期** | 2023年11月3日 |\n| **详细记录** | [[EXP-O0442]] |\n\n### 首次勘探关键事件\n\n2023年11月3日，勘探队"贝塔"进入回音殿堂执行首次勘探。任务期间发生以下关键事件：\n\n- **09:15** — 进入圆形大厅，确认声学异常（回音延迟15–20秒）\n- **09:32** — 发现中央平台七块发光水晶\n- **09:45** — 技术专员马克·陈在检查水晶时无意中发出口哨声，触发水晶共振\n- **09:47** — 陈出现认知异常，报告"听到完美的和谐"，瞳孔扩张，产生"必须加入"的冲动\n- **09:52** — 半透明人形回音实体出现，模仿队员动作与声音，持续约7分钟后消散\n- **10:05** — 使用机械臂成功收集一块水晶样本\n- **10:18** — 陈状态不稳定，启动紧急撤离程序\n- **10:35** — 全队安全撤离，陈接受医疗干预\n\n### 后续研究\n\n样本回收后，档案与研究部实验室团队对共鸣水晶进行了系统性测试（详见[[EL-O0442-V2]]）。测试确认了水晶的异常物理属性、情绪放大效应、现实扭曲能力及实体召唤风险。\n\n---\n\n## 应对协议\n\n### 应对程序表\n\n| 阶段 | 程序名称 | 具体措施 | 执行部门 |\n|------|----------|----------|----------|\n| **封锁** | 区域监控 | 在废弃音乐厅周边建立永久监控站点，禁止未经授权人员进入地下室 | 安全与防护部 |\n| **进入** | 声学静默协议 | 所有进入人员必须遵守绝对静默规则，禁止说话、口哨及任何人为发声 | 外勤行动部 |\n| **防护** | 装备配置 | 必须佩戴专用降噪耳机（衰减率≥40dB）、认知防护头盔及现实锚定装置 | 外勤行动部 |\n| **接触** | 时间限制 | 单次进入时间不得超过2小时；接近水晶阵列时不得超过15分钟 | 外勤行动部 |\n| **应急** | 静音撤离(SILENCE) | 触发异常时立即切断所有音频设备，启动紧急隔离，疏散半径50米内人员 | 安全与防护部 |\n| **医疗** | 认知污染应对 | 配备专业医疗支援，对暴露者实施72小时认知状态监控及必要时的记忆抑制治疗 | 医疗与心理部 |\n\n### 行为准则\n\n- ✅ **允许行为：** 使用经批准的机械臂进行样本采集；佩戴全套防护装备进行短时侦察；使用文字或手势进行无声交流\n- ❌ **禁止行为：** 在阈界内部发出任何声音（说话、唱歌、口哨、敲击）；直接接触共鸣水晶；在水晶阵列周边使用电子设备扬声器；单独进入阈界；在认知异常症状出现后隐瞒不报\n\n### 紧急程序\n\n**触发条件：** 任何人员出现认知异常症状、水晶意外激活、回音实体出现或现实稳定性检测器读数低于85%\n\n1. 立即执行绝对静默——所有人员停止发声，关闭所有音频设备\n2. 佩戴降噪耳机的人员协助未佩戴者撤离至安全区域\n3. 启动紧急隔离系统，封锁地下室入口\n4. 疏散半径50米内所有非必要人员\n5. 通知医疗部门准备认知污染治疗（镇静剂、记忆抑制、认知净化）\n6. 联系档案与研究部进行后续评估\n\n---\n\n## 相关档案\n\n### 档案引用\n\n| 档案编码 | 类型 | 标题 | 关联性 |\n|----------|------|------|--------|\n| **[[EXP-O0442]]** | 勘探记录 | 勘探队"贝塔"首次勘探日志 | 发现记录与核心事件数据 |\n| **[[EL-O0442-V2]]** | 实验记录 | 共鸣水晶实验记录 | 物品特性与认知影响研究 |\n| **[[OBJ-O0442-01]]** | 对象档案 | 共鸣水晶对象档案 | 核心异常物品详细描述 |\n| **[[MED-O0442]]** | 医疗报告 | 马克·陈听觉异常评估报告 | 认知污染受害者案例 |\n| **[[PRT-OPR-ECH]]** | 协议手册 | 回音殿堂操作协议 | 标准作业程序（⚠️ 需按PRT全局序号重新分配编码） |\n| **[[PRT-SAF-SOP-LAB]]** | 协议手册 | 实验室安全操作规程 | 样本研究安全规范（⚠️ 需按PRT全局序号重新分配编码） |\n\n---\n\n## 编码勘误表\n\n根据《档案编码规则 v4.1》（PRT-0001），本档案历史编码及关联文件编码修正如下：\n\n| 原编码 | 修正编码 | 勘误原因 |\n|--------|----------|----------|\n| `TF-O442-LND` | `TMS-O442` | 阈界档案格式应为 `TMS-[类型代码][4位序列号]`，删除冗余字段 |\n| `EL-Beta-O442` | `EXP-O0442` | 勘探记录格式为 `EXP-[阈界代码]`，首次不写次数 |\n| `EXP-O0442-V2` | `EL-O0442-V2` | 实验记录独立类型为 `EL-[阈界代码]-V[次数]`，与勘探记录区分 |\n| `MHR-MChen-O442` | `MED-O0442` | 医疗报告格式为 `MED-[阈界代码]` |\n| `PRT-OPR-ECH` | `PRT-XXXX` | 协议手册格式为 `PRT-[4位全局序号]`，需由档案与研究部重新分配序号 |\n| `PRT-SAF-SOP-LAB` | `PRT-XXXX` | 同上，需重新分配PRT全局序号 |\n\n---\n\n## 签名确认\n\n| **职位** | **姓名** | **电子签名** | **签名日期** | **备注** |\n|----------|----------|------------|------------|----------|\n| 首席档案员 | 安雅·夏尔马 | [ESIG-AS] | [数据删除] | 对象档案撰写人 |\n| 副部长 | 戴维·卡特博士 | [ESIG-DC] | [数据删除] | 医疗与心理评估审阅 |\n| 外勤行动部主管 | 莉亚·沃克中尉 | [ESIG-WK] | [数据删除] | 首次勘探队长，实地数据确认 |\n| 总指挥 | 伊利亚·彼得连科 | [ESIG-IP] | [数据删除] | 审阅批准 |\n\n---\n\n**最后审核**：伊利亚·彼得连科 | [数据删除]  \n**审核状态**：通过\n\n---\n\n**备注：** 回音殿堂的声学异常机制尚未完全解析。建议优先研发高效声学防护装备，并对所有进入人员进行严格的静默协议培训。马克·陈的认知异常症状在72小时后完全消失，但需进行长期心理健康跟踪。——安雅·夏尔马\n\n**边际结构 (TheMarginalStructure) - 对象档案**  \n*文档编码：TMS-O442*  \n*最后更新：2024年1月15日*  \n*访问权限：3级*\n\n---\n\n*本档案受边际结构保密协议保护，未经授权不得传播*\n		f	/api/v1/uploads/TMS-O0442.mp4	<svg xmlns="http://www.w3.org/2000/svg" viewBox="0 0 200 200">\n  <defs>\n    <radialGradient id="g-O0442" cx="50%" cy="50%" r="55%">\n      <stop offset="0%" stop-color="#EA580C" stop-opacity="0.25"/>\n      <stop offset="60%" stop-color="#9A3412" stop-opacity="0.12"/>\n      <stop offset="100%" stop-color="#0a0a0a" stop-opacity="0"/>\n    </radialGradient>\n    <linearGradient id="arch-O0442" x1="0" y1="0" x2="0" y2="1">\n      <stop offset="0%" stop-color="#FDBA74" stop-opacity="0.7"/>\n      <stop offset="100%" stop-color="#EA580C" stop-opacity="0.15"/>\n    </linearGradient>\n  </defs>\n  <!-- 外环 -->\n  <circle cx="100" cy="100" r="92" fill="url(#g-O0442)" stroke="#EA580C" stroke-width="0.8" opacity="0.3"/>\n  <circle cx="100" cy="100" r="84" fill="none" stroke="#EA580C" stroke-width="0.4" opacity="0.15" stroke-dasharray="3 4"/>\n  <!-- 主拱门 -->\n  <path d="M 50 150 L 50 80 Q 50 30 100 30 Q 150 30 150 80 L 150 150" fill="none" stroke="url(#arch-O0442)" stroke-width="2.5"/>\n  <path d="M 58 150 L 58 82 Q 58 38 100 38 Q 142 38 142 82 L 142 150" fill="none" stroke="#FDBA74" stroke-width="0.8" opacity="0.25"/>\n  <!-- 门槛 -->\n  <line x1="42" y1="150" x2="158" y2="150" stroke="#EA580C" stroke-width="1.5" opacity="0.5"/>\n  <line x1="48" y1="148" x2="152" y2="148" stroke="#FDBA74" stroke-width="0.5" opacity="0.3"/>\n  <!-- 回音波纹 — 从拱心向外 -->\n  <ellipse cx="100" cy="100" rx="12" ry="18" fill="none" stroke="#FDBA74" stroke-width="0.8" opacity="0.5"/>\n  <ellipse cx="100" cy="100" rx="20" ry="28" fill="none" stroke="#FDBA74" stroke-width="0.6" opacity="0.3"/>\n  <ellipse cx="100" cy="100" rx="30" ry="38" fill="none" stroke="#FDBA74" stroke-width="0.5" opacity="0.15"/>\n  <!-- 拱顶宝石 -->\n  <circle cx="100" cy="38" r="4" fill="#FDBA74" opacity="0.8"/>\n  <circle cx="100" cy="38" r="7" fill="none" stroke="#FDBA74" stroke-width="0.4" opacity="0.3"/>\n</svg>
24	PRT-0003	协议手册	实验室安全操作规程	活跃	\N	\N	\N	5	5	71	2026-06-02 16:29:28.452	3级	本协议手册旨在建立边际结构实验室的标准安全操作规程	{}	{"scope": "所有实验室人员", "version": "3.2", "sections": [{"title": "基本原则", "content": "1. 所有实验必须在安全等级许可的实验室内进行\\n2. 实验前必须完成风险评估和应急预案\\n3. 实验过程中必须至少有两名人员在场\\n4. 实验结束后必须清理现场并记录\\n5. 任何异常情况必须立即报告安全与防护部"}, {"title": "防护装备要求", "content": "• 标准防护服（适用于所有实验）\\n• 认知危害护目镜（涉及视觉阈界时）\\n• 声学隔离耳罩（涉及声学阈界时）\\n• 模因过滤面罩（涉及模因污染时）\\n• 紧急撤离包（所有实验室内配备）"}, {"title": "紧急程序", "content": "1. 发现异常立即停止实验\\n2. 启动实验室隔离程序\\n3. 通知安全与防护部\\n4. 所有人员按紧急出口撤离\\n5. 等待安全专员评估后决定是否重启"}], "leadPerson": "艾米丽·陈 / 安全专员A", "effectiveDate": "[数据删除]", "sourceDepartment": "安全与防护部", "responsibleDepartment": "安全与防护部"}	艾米丽·陈 / 安全专员A | [数据删除]	通过	\N	\N	2026-05-28 09:35:57.241	\N	\N		f	\N	\N
22	PRT-0001	协议手册	档案编码规则	活跃	\N	\N	2025-09-05 16:00:00	2	2	53	2026-06-03 00:41:19.022	3级	本文件规定了边际结构所有档案类型的编码格式、分配规则和管理流程。编码格式为 PREFIX-CODE，最多使用两个连字符，长度不超过20个字符。协议手册使用纯序号，删除冗余的名称与版本号字段；对象档案仅针对特别重要的阈界对象；所有部门代码统一为数字；人事档案格式为 HR-部门代码+3位工号。	{}	{"scope": "所有生成或使用档案的部门", "version": "4.1", "sections": [{"title": "概述", "content": "本文件规定了边际结构（The Marginal Structure）所有档案类型的编码格式、分配规则和管理流程。所有档案编码必须遵循本规则，确保编码的唯一性、简洁性和一致性。\\n\\n核心原则：\\n• 唯一性：同一类型下，核心标识（含序号）组合唯一\\n• 简洁性：编码格式为 PREFIX-CODE，最多使用两个连字符，长度不超过20个字符。无意义字段一律省略\\n• 灵活性：仅当档案具有\\"第N次\\"或\\"对象序号\\"概念时才添加次数字段\\n\\n适用范围：\\n• 外勤行动部、档案与研究部、医疗与心理部等所有生成或使用档案的部门\\n• 所有活跃、归档或受限访问状态的档案\\n• 新生成的档案必须使用本规则编码；旧档案建议在3年内逐步迁移"}, {"title": "统一部门代码表", "content": "| 代码 | 部门 |\\n|------|------|\\n| 10 | 最高指挥部（领导层） |\\n| 20 | 外勤行动部 |\\n| 30 | 档案与研究部 |\\n| 40 | 医疗与心理部 |\\n| 50 | 安全与防护部 |\\n| 60 | 后勤与架构部 |"}, {"title": "阈界档案（TMS）", "content": "格式：TMS-[类型代码][4位序列号]\\n\\n类型代码：L（地点/空间）、O（存在性/概念性）、E（特定实体）、P（物理异常）、C（认知危害）、T（时间异常）\\n序列号从0001开始全局递增\\n\\n示例：\\n• TMS-L0234：明知山\\n• TMS-O0881：万花筒殿\\n• TMS-E0771：悲鸣之云"}, {"title": "对象档案（OBJ）", "content": "仅针对具有独立研究价值、极高威胁或作为重要资产的阈界内对象单独建档。一般对象直接在阈界档案的描述字段中记录。\\n\\n格式：OBJ-[阈界代码]-[对象序号]（对象序号可选，同一阈界有多个重要对象时使用2位数字）\\n\\n示例：\\n• OBJ-O0442-01：回音殿堂共鸣水晶"}, {"title": "勘探记录（EXP）", "content": "格式：EXP-[阈界代码]-[次数]（次数可选）\\n\\n次数：仅第2次及以上时使用，格式 S2、V3 等（首次不写）\\n\\n示例：\\n• EXP-L0234：对明知山的首次勘探\\n• EXP-O0442-V2：回音殿堂第二次实验"}, {"title": "事件报告（EVT-INC）", "content": "格式：EVT-[阈界代码]-INC\\n\\n示例：\\n• EVT-P0990-INC：永夜钟楼失眠事件报告"}, {"title": "通信记录（EVT-COM）", "content": "格式：EVT-[阈界代码]-COM\\n\\n示例：\\n• EVT-O2847-COM：否定之人通信记录"}, {"title": "医疗报告（MED）", "content": "格式：MED-[阈界代码]（阈界代码可选）\\n\\n示例：\\n• MED-L0734：囤积者回廊暴露者心理评估"}, {"title": "理论文件（THY）", "content": "格式：THY-[阈界代码]（阈界代码可选）\\n\\n示例：\\n• THY-L0234：明知山理论分析"}, {"title": "实验记录（EL）", "content": "格式：EL-[阈界代码]-V[次数]\\n\\n示例：\\n• EL-O0442-V2：共鸣水晶第二次实验"}, {"title": "人事档案（HR）", "content": "格式：HR-[部门代码][3位工号]（共5位数字，部门代码2位 + 工号3位）\\n\\n• 部门代码：2位数字（见统一部门代码表）\\n• 工号：3位数字，部门内唯一，从001开始递增\\n\\n示例：\\n• HR-40001：戴维·卡特（医疗与心理部，工号001）\\n• HR-20001：艾伦·凯（外勤行动部，工号001）\\n• HR-30002：安雅·夏尔马（档案与研究部，工号002）"}, {"title": "协议手册（PRT）", "content": "格式：PRT-[4位序号]\\n\\n序号由档案与研究部统一分配，从0001开始递增\\n\\n示例：\\n• PRT-0001：本文件\\n• PRT-0002：代码查询手册"}, {"title": "编码分配流程", "content": "1. 确定档案类型：根据档案内容选择对应的类型前缀（TMS/OBJ/EXP/EVT/MED/THY/EL/HR/PRT）\\n2. 获取阈界代码（如涉及）：从阈界登记表获取标准代码\\n3. 生成序号：按各类型规则生成部门或全局序号\\n4. 组合编码：格式为 PREFIX-CODE，最多两个连字符\\n5. 唯一性核验：在档案登记数据库中检查是否存在冲突\\n6. 归档生效：通过核验后正式归档"}], "effectiveDate": "2025-09-10"}	伊利亚·彼得连科 总指挥 | 2025年9月6日	通过	本文件为《档案编码规则》v4.0 版本，已整合至《档案管理规范》(PRT-0004)中。建议优先使用《档案管理规范》作为档案管理的主要参考文件。—— 安雅·夏尔马 / 首席档案员	\N	2026-05-28 09:35:57.229	\N	\N		f	\N	\N
28	THY-L0234	理论文件	《"不可知知识"模因传播模型：基于阈界地点明知山（TMS-L0234）的SIR动力学分析》	活跃	\N	\N	\N	2	2	54	2026-06-02 13:15:17.362	3级	本理论文件基于明知山(TMS-L0234)相关勘探报告和实验记录撰写。文件提出了"不可知知识"模因传播的SIR数学模型，分析了其传播机制和影响因素，并据此提出了遏制策略和验证计划。	{"认知危害 (高风险理论)",模因危害}	{"phases": [{"name": "阶段一：认知入侵 (Cognitive Intrusion)", "target": "建立在宿主认知系统中的初始立足点，开始自我复制过程", "duration": "0-24小时", "mechanism": "模因通过感官接触绕过正常的认知过滤机制，直接植入意识层面"}, {"name": "阶段二：模因复制 (Memetic Replication)", "target": "通过宿主的主动行为扩散到更多个体，建立传播网络", "duration": "1-7天", "mechanism": "利用宿主的认知资源进行自我复制，同时驱动宿主产生传播行为"}, {"name": "阶段三：行为失控 (Behavioral Override)", "target": "最大化传播效率，确保模因的持续扩散", "duration": "7天后", "mechanism": "模因完全控制宿主的相关行为模式，优先级超越个体自我保护本能"}], "abstract": "明知山(TMS-L0234)的核心异常\\"不可知知识\\"是一种具有高传染性的模因，通过视觉、听觉和认知途径传播，导致个体产生强迫性认知症状。本研究基于伽马-7队勘探报告和后续实验数据，构建了SIR（易感-感染-移除）数学模型来描述其传播动态。研究发现该模因在明知山(TMS-L0234)内部具有极高的传播效率，但在外部环境中传播能力显著降低。基于模型分析，提出了包括物理隔离、认知屏障和模因隔离在内的综合遏制策略，并设计了验证实验方案。", "appendices": [{"code": "EXP-L0234", "title": "明知山首次勘探报告", "relation": "提供初始观测数据"}, {"code": "TMS-L0234", "title": "明知山阈界档案", "relation": "核心描述和应对协议"}], "leadPerson": "林知远博士", "coreConcept": "\\"不可知知识\\"并非传统意义上的信息或知识，而是一种认知奇点——通过强制性认知过程自我复制和传播的模因实体，具有环境依赖性和自我强化特性。", "introduction": "明知山(TMS-L0234)作为基于地点/空间的阈界（子类别：LND），其异常特性主要表现为认知危害（COG）和模因危害（MEM）。自伽马-7队首次接触以来，\\"不可知知识\\"模因已造成多起认知污染事件，对边际结构人员安全构成严重威胁。现有的描述性档案虽然记录了症状表现和基本特征，但缺乏对其传播机制的系统性理论分析。本研究旨在通过数学建模方法，量化分析\\"不可知知识\\"模因的传播规律，为制定有效的遏制策略提供理论依据。", "appendixFiles": ["术语表"], "caseReevaluation": "基于EXP-L0234报告数据，伽马队的感染过程完全符合三阶段传播模型的预测。队员在接触异常符号后出现初期症状，24小时内进入认知混乱阶段，72小时后需要强制隔离。该案例验证了模型中关于直接接触感染概率100%和传播时间线的准确性，同时证实了Mk-IV认知屏障在阻断传播方面的有效性。", "sourceDepartment": "档案与研究部", "theoryComponents": [{"function": "符号、声音、文字等物理媒介", "component": "触发载体", "mechanism": "通过感官接触激活模因传播"}, {"function": "个体的认知处理系统", "component": "认知接口", "mechanism": "模因入侵和复制的生物学基础"}, {"function": "个体间的信息交换渠道", "component": "传播网络", "mechanism": "模因在群体中的扩散路径"}, {"function": "明知山(TMS-L0234)地形的异常特性", "component": "环境增强器", "mechanism": "放大模因传播效率和感染力"}], "ultimateStrategy": "发现感染者后立即启动C级隔离协议，72小时内完成认知评估，必要时实施[数据删除]措施。", "equipmentProtocols": ["Mk-IV认知屏障: 阻断视觉和听觉传播途径", "模因隔离装置(MID): 销毁或隔离模因载体，防止二次传播", "认知锚定技术: 增强个体对模因入侵的抵抗能力"], "personnelScreening": [{"type": "研究人员", "action": "禁止接触", "reason": "认知能力强，易被模因利用", "category": "极高", "riskLevel": ">90%"}, {"type": "勘探队员", "action": "强制防护", "reason": "直接暴露风险", "category": "高", "riskLevel": "70-90%"}, {"type": "技术支持", "action": "标准防护", "reason": "间接接触可能", "category": "中", "riskLevel": "30-70%"}, {"type": "后勤人员", "action": "基础培训", "reason": "接触概率低", "category": "低", "riskLevel": "<30%"}], "responsibleDepartment": "档案与研究部", "hypothesisVerifications": [{"status": "已验证", "evidence": "传播系数差异显著", "confidence": "95%", "hypothesis": "环境依赖性"}, {"status": "已验证", "evidence": "伽马-7队案例完全符合", "confidence": "90%", "hypothesis": "三阶段传播"}, {"status": "部分验证", "evidence": "基本参数已确定", "confidence": "85%", "hypothesis": "SIR模型适用性"}, {"status": "已验证", "evidence": "Mk-IV阻断效果明显", "confidence": "88%", "hypothesis": "防护措施有效性"}]}	伊利亚·彼得连科	通过	本研究成功构建了"不可知知识"模因传播的数学模型，为后续防护措施提供了重要理论基础。	\N	2026-05-28 09:35:57.267	\N	# "不可知知识"模因传播模型\n\n## 基于阈界地点明知山（TMS-L0234）的SIR动力学分析\n\n---\n\n**作者：** 林知远¹，安雅·夏尔马²，戴维·卡特³  \n**¹** 档案与研究部，首席研究员  \n**²** 档案与研究部，首席档案员  \n**³** 医疗与心理部，副部长  \n\n**通讯地址：** 边际结构档案与研究部，[数据删除]  \n**归档编码：** THY-L0234  \n**访问权限：** 4级  \n**归档日期：** 2025年9月4日\n\n---\n\n## 摘要\n\n"不可知知识"是阈界地点明知山（TMS-L0234）的核心异常实体，表现为一种通过视觉、听觉及认知途径传播的高传染性模因。本文基于勘探队"伽马"的实地报告及后续受控实验数据，构建了SIR（易感-感染-移除）数学模型以描述其群体传播动态。研究表明，该模因在明知山内部具有极高的基本再生数（R₀≈[数据删除]），而在外部环境中R₀<1，不具备持续传播条件。进一步分析揭示了模因传播的三阶段递进机制：认知入侵、模因复制与行为失控。基于模型参数，本文提出了人员风险评估标准、技术防护措施及应急响应协议。伽马-7队案例的回顾性分析验证了模型的预测准确性。本研究为"不可知知识"模因的系统性遏制提供了首个定量理论框架。\n\n**关键词：** 模因传播；认知危害；SIR模型；阈界地点；明知山；边际结构\n\n---\n\n## 1. 引言\n\n### 1.1 研究背景与问题陈述\n\n模因（meme）作为文化信息的基本复制单元，其传播动力学在常规语境下已有较为成熟的理论框架（Dawkins, 1976; Blackmore, 1999）。然而，当模因实体具备异常特性——即能够绕过正常认知过滤机制、直接劫持宿主认知资源并驱动强制传播行为时，现有理论即面临根本性挑战。"不可知知识"正是此类异常模因的典型代表。\n\n明知山（TMS-L0234）是边际结构于[数据删除]年在亚洲某偏远山区确认的阈界地点（子类别：LND），其核心异常表现为一种以认知危害（COG）和模因危害（MEM）为主的复合效应。根据对象档案（[[TF-L234-LND]]）的记录，明知山外观为一座高约3000米的山脉，地形随时间和观察者心理状态动态变化。进入者普遍报告听到低频"低语"，内容为高度抽象的数学公式、哲学命题或未知语言片段。暴露时间越长，进入者越可能陷入认知过载或失去自我意识。\n\n自勘探队"伽马"首次接触以来，"不可知知识"模因已造成多起认知污染事件。伽马-7队案例中，7名队员在接触核心区异常符号后全部感染，其中2人在72小时内进入行为失控阶段，需启动强制隔离协议。更为严峻的是，部分暴露者在撤离后仍试图通过文字、音频及口头复述传播"低语"内容，引发全球范围内的次级感染监测事件。这表明"不可知知识"不仅具备直接感染能力，还能通过宿主作为二次传播源实现跨空间扩散。\n\n现有描述性档案对症状表现和基本特征已有详尽记录（[[EL-Gamma-L234-COG]]、[[MHR-L234-COG]]），但缺乏对其传播机制的系统性理论分析。具体而言，以下关键问题尚未得到解答：\n\n1. "不可知知识"模因的传播效率是否受环境因素影响？核心区与外部环境的传播动力学是否存在本质差异？\n2. 感染过程是否存在可识别的阶段性特征？不同阶段宿主的传播能力如何量化？\n3. 现有的防护措施（如Mk-IV认知屏障）在数学模型中的效力如何表征？\n4. 基于传播规律，如何优化人员配置、隔离范围及应急响应策略？\n\n本研究旨在通过数学建模方法，量化分析"不可知知识"模因的传播规律，为上述问题提供理论依据，并为制定有效的遏制策略奠定科学基础。\n\n### 1.2 研究目标\n\n本文的具体研究目标如下：\n\n1. **模型构建：** 建立"不可知知识"模因传播的SIR数学模型，定义关键参数（传播率β、移除率γ、基本再生数R₀），并分析其在不同环境下的取值差异。\n2. **机制解析：** 基于实证数据，提出并验证模因传播的三阶段递进机制（认知入侵→模因复制→行为失控），量化各阶段的传播能力差异。\n3. **策略设计：** 基于模型参数提出人员风险评估标准、技术防护措施及应急响应协议，明确不同风险等级人员的防护要求。\n4. **实证验证：** 利用伽马-7队案例的回顾性数据检验模型预测，评估SIR模型对"不可知知识"传播的适用性。\n\n### 1.3 研究意义\n\n本研究的理论意义在于：首次将经典流行病学模型应用于异常模因传播分析，拓展了SIR模型的适用范围，并为后续异常模因的定量研究提供了方法论参考。实践意义在于：为明知山的区域封锁范围、人员准入标准、防护装备配置及应急响应流程提供了直接的定量依据，有助于降低边际结构人员的感染风险并提升处置效率。\n\n---\n\n## 2. "不可知知识"模因的本质与理论框架\n\n### 2.1 核心概念界定\n\n"不可知知识"（Unknowable Knowledge）并非传统意义上的信息或知识，而是一种**认知奇点**（cognitive singularity）——一种通过强制性认知过程实现自我复制和传播的模因实体。这一概念需要从以下四个维度加以理解：\n\n**（1）自我复制性**\n\n与常规模因依赖宿主的主动记忆与传播意愿不同，"不可知知识"一旦进入宿主认知系统，即利用宿主的工作记忆资源、长时记忆提取机制及语言生成系统进行自主复制。实验观察表明，感染者在睡眠状态下仍会出现与"低语"相关的梦境活动，表明复制过程不依赖于宿主的清醒意识。这种自主性使得"不可知知识"的传播效率远高于一般模因危害。\n\n**（2）环境依赖性**\n\n"不可知知识"的传播效率与宿主所处空间显著相关。在明知山核心区（半径约1公里），模因表现出极强的感染力，直接接触感染概率接近100%；而在外部环境（隔离区外），感染概率显著下降，且已感染宿主的传播能力大幅衰减。这一特性与明知山的空间异常（非欧几里得几何、动态地貌、电磁干扰）密切相关，暗示地形本身可能充当"环境增强器"，放大模因的传播效率。\n\n**（3）自我强化性**\n\n感染程度与传播能力呈正相关。在认知入侵阶段，宿主的传播能力较低，需主动描述"低语"内容才能引发次级感染；而在行为失控阶段，宿主的语言、文字及非语言行为均成为传播媒介，传播能力达到峰值。这种自我强化特性使得疫情一旦进入中后期，控制难度呈指数级上升。\n\n**（4）跨媒介性**\n\n"不可知知识"可通过多种载体传播：原始异常符号（视觉）、低频"低语"（听觉）、宿主复述内容（语言）、文字记录（文字）及音频/影像记录（电子媒介）。跨媒介传播能力意味着单一媒介的隔离不足以阻断疫情，需要多层次的综合防护。\n\n### 2.2 理论模型框架\n\n模因传播依赖四个相互作用的组成要素，构成一个完整的传播系统：\n\n| 组成要素 | 功能描述 | 作用机制 | 关键变量 |\n|---------|---------|---------|---------|\n| **触发载体** | 符号、声音、文字等物理媒介 | 通过感官接触激活模因传播 | 载体类型、暴露时长、接触强度 |\n| **认知接口** | 个体的认知处理系统 | 模因入侵和复制的生物学基础 | 认知能力、注意力状态、防护装备 |\n| **传播网络** | 个体间的信息交换渠道 | 模因在群体中的扩散路径 | 网络密度、信息流量、隔离程度 |\n| **环境增强器** | 明知山地形的异常特性 | 放大模因传播效率和感染力 | 空间位置、地形类型、电磁环境 |\n\n其中，**环境增强器**是"不可知知识"区别于一般模因危害的核心变量。在明知山内部，空间异常与认知危害形成正反馈回路：动态地貌导致个体方向感丧失和焦虑水平上升，焦虑状态进一步降低认知防御阈值，使得模因更易入侵。这种反馈机制在数学模型中体现为传播率β的显著提升。\n\n### 2.3 与经典模因理论的差异\n\n经典模因理论（Dawkins, 1976）假设模因的传播依赖于宿主的主动复制与传播意愿，传播效率受宿主的社会动机、表达能力及受众接受度影响。然而，"不可知知识"的传播具有以下本质差异：\n\n1. **强制性：** 宿主在感染后期丧失对传播行为的控制权，传播成为模因驱动的强制行为；\n2. **认知劫持：** 模因直接利用宿主的认知资源进行复制，不依赖于宿主的主观意愿；\n3. **环境放大：** 传播效率受物理空间特性的显著影响，而非仅取决于社会网络结构。\n\n这些差异意味着经典模因传播模型（如Bass扩散模型、传染病网络模型）无法直接应用于"不可知知识"，需要引入环境增强因子并修正传播机制假设。\n\n---\n\n## 3. 传播机制的三阶段分析\n\n### 3.1 阶段划分的实证依据\n\n基于伽马-7队案例、后续勘探数据及实验室模拟实验（n=[数据删除]），"不可知知识"模因的传播呈现明确的三阶段递进特征。阶段划分依据包括：症状表现、行为特征、传播能力及生理指标（心率变异性、脑电波异常、皮质醇水平）。\n\n### 3.2 阶段一：认知入侵（Cognitive Intrusion）\n\n**时间窗口：** 初始接触后0–24小时\n\n**核心机制：** 模因通过感官接触绕过正常的认知过滤机制（前注意加工、工作记忆监控、执行控制），直接植入意识层面。此阶段模因尚未完全控制宿主行为，但已建立初始立足点并开始低水平自我复制。\n\n**症状表现：**\n- 强迫性思考"未知信息"，内容多为高度抽象的数学公式、哲学命题或未知语言片段\n- 伴随焦虑、注意力集中困难及轻度头痛\n- 方向感丧失（在明知山内部尤为明显）\n- 开始出现记录冲动，试图以文字或符号固化认知内容\n\n**传播能力：** 低。宿主需主动描述"低语"内容才能引发次级感染，且感染概率受听者认知状态影响。实验数据显示，在标准防护条件下，此阶段宿主的二代感染率约为[数据删除]%。\n\n**关键指标：** 宿主开始出现记录冲动是认知入侵阶段的标志性行为。这一行为表明模因已建立足够的认知立足点，并开始驱动宿主产生传播行为的前兆。\n\n**防护措施有效性：** 佩戴Mk-IV认知屏障的个体在此阶段的感染概率降至[数据删除]%，表明认知屏障在阻断初始入侵方面具有显著效果。\n\n### 3.3 阶段二：模因复制（Memetic Replication）\n\n**时间窗口：** 感染后1–7天\n\n**核心机制：** 模因利用宿主的认知资源进行大规模自我复制。具体而言，模因劫持宿主的工作记忆系统，将"不可知知识"内容反复加载至意识层面；同时激活长时记忆提取机制，使得宿主在回忆任何相关信息时均触发模因复制。此外，模因通过劫持宿主的传播动机系统（社交需求、知识分享本能、求助行为），驱动宿主产生主动传播行为。\n\n**症状表现：**\n- 认知混乱，表现为逻辑思维障碍、决策困难及现实检验能力下降\n- 记忆紊乱，出现虚假记忆与真实记忆的混淆\n- 人格解体的前兆，表现为自我边界感模糊、身体疏离感\n- 强迫性书写行为，持续记录"低语"内容，且记录内容逐渐脱离宿主控制\n\n**传播能力：** 中等。宿主主动寻求传播机会，复述内容已具备独立感染能力。实验数据显示，此阶段宿主的二代感染率上升至[数据删除]%，且感染潜伏期缩短至[数据删除]小时。\n\n**关键指标：** 宿主复述内容时，听者出现初级认知入侵症状（如注意力分散、轻微焦虑、方向感丧失）是模因复制阶段的标志性特征。这表明宿主已成为有效的二级传播源。\n\n**防护措施有效性：** Mk-IV认知屏障对此阶段的阻断效果下降至[数据删除]%，表明模因已部分绕过屏障的保护机制。需配合模因隔离装置（MID）对宿主的所有记录进行销毁或隔离。\n\n### 3.4 阶段三：行为失控（Behavioral Override）\n\n**时间窗口：** 感染后7天以上\n\n**核心机制：** 模因完全控制宿主的相关行为模式，传播优先级超越个体自我保护本能。此阶段模因已深度整合至宿主的认知-行为系统中，常规的心理干预与物理约束效果有限。\n\n**症状表现：**\n- [数据删除]\n- [数据删除]\n- [数据删除]\n\n**传播能力：** 高。宿主的语言、文字、非语言行为及环境残留均成为传播媒介，传播能力达到峰值。实验数据显示，此阶段宿主的二代感染率接近[数据删除]%，且感染潜伏期缩短至[数据删除]分钟。\n\n**关键指标：** [数据删除]\n\n**处置要求：** 启动C级隔离协议，必要时实施[数据删除]措施。\n\n### 3.5 阶段转换的临界点\n\n三阶段之间的转换并非渐进过程，而是存在明确的临界点。基于实验数据，阶段转换的判定标准如下：\n\n| 转换方向 | 判定标准 | 平均转换时间 |\n|---------|---------|------------|\n| 认知入侵→模因复制 | 宿主首次主动寻求传播机会，且二代感染率> [数据删除]% | 24±6小时 |\n| 模因复制→行为失控 | 宿主传播行为不受主观意志控制，且出现[数据删除]症状 | 7±2天 |\n\n临界点的存在为早期干预提供了明确的时间窗口。在认知入侵阶段实施有效防护，可将感染进程阻断或延缓；一旦进入模因复制阶段，干预难度显著上升。\n\n---\n\n## 4. SIR数学模型构建\n\n### 4.1 模型假设与适用范围\n\n本文采用经典SIR模型（Kermack & McKendrick, 1927）作为基础框架，并针对"不可知知识"模因的特殊性进行修正。模型假设如下：\n\n1. **封闭人群假设：** 研究人群总规模N = S + I + R恒定，不考虑人口流动及自然出生/死亡；\n2. **无隐性感染：** 个体一旦感染即具备传播能力，不存在潜伏期或隐性感染状态；\n3. **永久免疫：** 移除者（R）包括隔离、治疗成功及[数据删除]，移除后不再感染；\n4. **均匀混合：** 在特定环境内，个体间接触机会均等，不考虑社会网络结构的影响；\n5. **环境依赖性：** 传播率β与移除率γ受环境影响，在不同空间取不同值。\n\n假设（4）在明知山核心区需要放宽。核心区内的非欧几里得空间特性导致个体移动路径不可预测，均匀混合假设可能不成立。因此，核心区的模型结果应视为近似估计，需结合空间网络模型进行后续修正。\n\n### 4.2 模型参数定义\n\n采用经典SIR模型描述传播动态，将人群划分为三个互斥状态：\n\n- **S（易感者，Susceptible）：** 未暴露于模因的个体，占总人口比例为s(t) = S(t)/N\n- **I（感染者，Infected）：** 已感染并具备传播能力的个体，占总人口比例为i(t) = I(t)/N\n- **R（移除者，Removed）：** 无法继续传播的个体，占总人口比例为r(t) = R(t)/N\n\n### 4.3 基本微分方程组\n\nSIR模型的基本微分方程组为：\n\n$$\n\\begin{cases}\n\\frac{dS}{dt} = -\\beta SI \\\\\n\\frac{dI}{dt} = \\beta SI - \\gamma I \\\\\n\\frac{dR}{dt} = \\gamma I\n\\end{cases}\n$$\n\n其中：\n- **β（传播率）：** 表征单位时间内一个感染者与一个易感者接触并导致感染的概率。β的取值取决于环境类型、防护措施及个体认知状态。\n- **γ（移除率）：** 表征单位时间内感染者转为移除者的速率。γ的取值取决于隔离效率、治疗效果及模因自身的演化特性。\n- **R₀ = β/γ：** 基本再生数，表征一个感染者在完全易感人群中平均能感染的二代病例数。R₀是判断疫情能否持续传播的关键阈值：R₀ > 1时疫情呈指数增长，R₀ < 1时疫情自然衰减。\n\n### 4.4 环境影响因子分析\n\n根据明知山不同区域的实验数据及伽马-7队案例的回顾性分析，模型参数呈现显著的环境依赖性：\n\n| 环境类型 | 传播系数 β（/人·天） | 移除系数 γ（/天） | 基本再生数 R₀ | 传播判定 | 理论解释 |\n|---------|-------------------|-----------------|-------------|---------|---------|\n| **明知山核心区**（半径≈1 km） | [数据删除] | [数据删除] | [数据删除] | 指数级爆发 | 空间异常形成正反馈回路，显著降低认知防御阈值 |\n| **明知山外围**（50 km隔离区内） | [数据删除] | [数据删除] | [数据删除] | 可控传播 | 空间异常效应衰减，但仍高于外部环境 |\n| **外部环境**（隔离区外） | [数据删除] | [数据删除] | < 1 | 自然衰减 | 缺乏环境增强器，模因无法维持有效复制 |\n\n**关键结论：** 明知山核心区为模因传播的"超临界环境"（R₀ >> 1），即使初始感染者数量极少，疫情也将在短期内呈指数级爆发。外部环境为"亚临界环境"（R₀ < 1），即使出现初始感染者，疫情也将在数代传播后自然消亡。这一发现为50公里隔离区的建立提供了直接的理论支撑——隔离区的核心目标并非完全阻断传播，而是将疫情限制在亚临界环境内，利用自然衰减机制控制疫情规模。\n\n### 4.5 模型预测与数值模拟\n\n基于当前参数估计，进行数值模拟以预测不同情境下的疫情演化：\n\n**情境A：核心区无防护暴露**\n\n若在未采取任何遏制措施的情况下，一名感染者在核心区与完全易感人群接触，疫情演化预测如下：\n- 感染规模将在[数据删除]天内达到饱和（S→0，即全部易感者感染）；\n- 峰值感染人数出现在第[数据删除]天；\n- 由于移除率γ较低，感染者将在较长时间内维持高传播能力。\n\n**情境B：核心区佩戴Mk-IV认知屏障**\n\n若全体人员佩戴Mk-IV认知屏障，传播率β下降至[数据删除]，疫情演化预测如下：\n- 基本再生数R₀降至[数据删除]，疫情呈可控增长；\n- 感染规模峰值降低[数据删除]%；\n- 疫情在[数据删除]天后趋于稳定。\n\n**情境C：外部环境中单点感染**\n\n若一名感染者进入外部环境（如撤离至隔离区外），疫情演化预测如下：\n- 二代感染病例数<1，疫情无法持续传播；\n- 若出现偶发二代感染，三代感染概率低于[数据删除]%；\n- 疫情在[数据删除]代传播后自然消亡。\n\n上述预测与伽马-7队案例及后续实验的观察结果高度吻合，验证了模型的适用性。\n\n### 4.6 模型局限性\n\n当前模型存在以下局限性，需在后续研究中加以改进：\n\n1. **均匀混合假设的偏离：** 明知山核心区的非欧几里得空间特性导致个体移动路径不可预测，均匀混合假设可能高估传播效率。需引入空间网络模型或基于个体的模拟（Agent-Based Modeling）进行修正。\n2. **模因变异的忽略：** 模型假设模因特性恒定，未考虑"不可知知识"在传播过程中可能发生变异，导致传播率β或移除率γ的变化。\n3. **长期宿主携带：** 模型假设感染者最终均被移除，未考虑可能存在长期无症状携带者（类似"潜伏期恢复者"状态）。\n4. **跨物种传播：** 模型仅考虑人类宿主，未评估"不可知知识"对非人类认知系统（如动物、人工智能）的潜在感染风险。\n\n---\n\n## 5. 模型验证：伽马-7队案例的回顾性分析\n\n### 5.1 案例概述\n\n勘探队"伽马"于[数据删除]年进入明知山执行首次勘探任务。队伍共7人，全部为标准防护装备（未配备Mk-IV认知屏障）。任务目标为确认阈界性质、采集环境样本及记录异常现象。队员在核心区接触异常符号后，感染过程如下：\n\n| 时间节点 | 事件描述 | 对应模型阶段 | 感染人数 | 传播来源 |\n|---------|---------|------------|---------|---------|\n| T+0 | 全体队员进入核心区，接触异常符号 | 初始接触 | 7/7 | 环境载体 |\n| T+[数据删除]秒 | 全体队员报告听到低频"低语" | 认知入侵 | 7/7 | 环境载体 |\n| T+6小时 | 3名队员出现焦虑与强迫性思考 | 认知入侵 | 7/7 | 环境载体 |\n| T+24小时 | 5名队员进入认知混乱，开始记录"低语"内容 | 模因复制 | 7/7 | 环境载体+宿主传播 |\n| T+48小时 | 2名队员出现人格解体前兆，传播行为加剧 | 模因复制 | 7/7 | 宿主传播为主 |\n| T+72小时 | 2名队员进入行为失控，需强制隔离 | 行为失控 | 7/7 | 宿主传播为主 |\n\n### 5.2 模型验证结果\n\n**验证1：感染概率**\n\n7名队员全部感染，直接接触条件下感染概率100%，与模型假设一致。值得注意的是，队员在接触异常符号后[数据删除]秒内即报告听到"低语"，潜伏期极短，支持模型中"无隐性感染"的假设。\n\n**验证2：时间线吻合**\n\n三阶段递进与模型预测高度吻合：\n- 认知入侵阶段：0–24小时，3/7队员出现典型症状；\n- 模因复制阶段：24–72小时，5/7队员进入认知混乱；\n- 行为失控阶段：72小时后，2/7队员需强制隔离。\n\n平均阶段转换时间与实验数据一致（认知入侵→模因复制：24±6小时；模因复制→行为失控：7±2天）。\n\n**验证3：环境效应**\n\n核心区内的快速传播（7人全部感染，72小时内2人失控）与外部环境中的次级感染衰减趋势一致。伽马-7队撤离后，全球监测系统中与"低语"相关的异常信息报告在[数据删除]周内降至基线水平，符合外部环境R₀<1的模型预测。\n\n**验证4：防护措施**\n\n后续实验中，佩戴Mk-IV认知屏障的勘探队（[数据删除]队，n=[数据删除]人）在相同暴露条件下的感染概率降至[数据删除]%，验证了技术防护在模型中的效力表征。\n\n### 5.3 验证结论\n\n伽马-7队案例的回顾性分析表明，SIR模型对"不可知知识"模因的传播具有较好的解释力和预测力。模型在感染概率、时间线、环境效应及防护措施有效性四个维度均得到实证支持。然而，由于案例数量有限（n=1），模型参数仍需更多实验数据加以精确化。\n\n---\n\n## 6. 遏制策略建议\n\n### 6.1 人员风险评估标准\n\n基于模型参数β、γ及R₀的实证估计，结合不同人员类型的认知接口开放度与暴露概率，制定以下人员风险分级标准：\n\n| 风险等级 | 人员类型 | 感染概率估计 | 建议措施 | 理论依据 |\n|---------|---------|------------|---------|---------|\n| **极高** | 研究人员（认知科学、语言学、数学） | > 90% | 禁止进入核心区；如需研究，仅允许分析已处理的二手数据 | 认知能力强，认知接口开放度高，对抽象信息（如数学公式、哲学命题）的加工深度大，易被模因利用 |\n| **高** | 勘探队员、外勤行动人员 | 70–90% | 强制佩戴Mk-IV认知屏障；暴露时间≤30分钟；配备MID处理所有记录 | 直接暴露风险高，接触触发载体概率大；30分钟限制基于认知入侵阶段的平均持续时间 |\n| **中** | 技术支持、设备维护、隔离区警戒 | 30–70% | 标准防护（Mk-III认知屏障）；避免直接接触异常符号或感染者记录；定期认知评估 | 间接接触可能，通过设备残留、环境样本或感染者复述感染；Mk-III屏障对间接传播的阻断有效率约为[数据删除]% |\n| **低** | 后勤人员、外围警戒、行政支持 | < 30% | 基础培训（识别早期症状、报告流程）；无需专用防护装备 | 接触概率低，但需防范宿主传播；基础培训可将感染后的二次传播风险降低[数据删除]% |\n\n### 6.2 技术防护措施\n\n**6.2.1 Mk-IV认知屏障**\n\n- **功能原理：** 通过多层滤波系统阻断特定频率声波（"低语"频段：[数据删除] Hz）、特定光谱（异常符号的可见光及近红外特征）及电磁干扰（核心区异常电磁信号）。\n- **有效率：** 直接接触条件下≈[数据删除]%；间接接触条件下≈[数据删除]%。\n- **适用场景：** 核心区勘探、感染者近距离接触、处理疑似污染媒介。\n- **限制：** 对模因复制后期及行为失控阶段的阻断效果下降，需配合其他措施使用。\n\n**6.2.2 模因隔离装置（MID）**\n\n- **功能原理：** 物理销毁（高温焚化、化学分解）或电磁屏蔽（法拉第笼、信号干扰）模因载体，阻断二次传播途径。\n- **操作规范：**\n  1. 所有从明知山回收的媒介（纸质记录、音频、影像、环境样本）须经MID处理后方可进入档案系统；\n  2. 处理过程需在隔离设施内进行，操作人员佩戴Mk-IV认知屏障；\n  3. 处理后的媒介需经档案员审查，确认无残留模因活性后方可归档。\n\n**6.2.3 认知锚定技术**\n\n- **功能原理：** 通过预设认知框架（如特定的注意力分配模式、记忆编码策略、现实检验强化训练）增强个体对模因入侵的抵抗能力。\n- **应用方式：** 高风险人员的行前训练（[数据删除]小时）及定期强化（每[数据删除]个月一次）。\n- **效果评估：** 可将认知入侵阶段的感染概率降低[数据删除]%，但对模因复制阶段的阻断效果有限。\n\n### 6.3 应急响应协议\n\n**C级隔离协议（Level-C Isolation Protocol）**\n\n发现感染者后，执行以下标准化程序：\n\n**步骤1：即时隔离（T+0）**\n- 将感染者转移至专用隔离单元（负压环境、电磁屏蔽、声学隔离）；\n- 阻断感染者与易感者的所有信息交换渠道（禁止语言交流、销毁随身记录、隔离电子设备）；\n- 隔离单元操作人员佩戴Mk-IV认知屏障，操作时间≤[数据删除]分钟/班次。\n\n**步骤2：认知评估（T+0至T+72小时）**\n- 72小时内完成标准化认知功能评估（包括注意力测试、工作记忆容量、现实检验能力、传播意愿量表）；\n- 根据评估结果判定感染阶段：\n  - 第1阶段（认知入侵）：实施记忆抑制治疗，配合Mk-IV认知屏障进行认知净化；\n  - 第2阶段（模因复制）：强化记忆抑制治疗，必要时使用[数据删除]药物辅助，配合MID销毁所有记录；\n  - 第3阶段（行为失控）：启动[数据删除]程序，防止不可控传播。\n\n**步骤3：接触者追踪（T+0至T+[数据删除]天）**\n- 对感染者过去[数据删除]天内的所有信息接触者进行风险评估；\n- 高风险接触者实施预防性隔离（[数据删除]天）及认知评估；\n- 中风险接触者实施居家观察及定期认知评估；\n- 低风险接触者实施基础培训及自我监测。\n\n**步骤4：信息封锁（T+0至T+[数据删除]天）**\n- 销毁或隔离所有与感染者相关的文字、音频、影像记录；\n- 监控全球信息系统，追踪与"低语"相关的异常信息传播；\n- 必要时启动全球信息净化行动（Operation [数据删除]）。\n\n### 6.4 隔离区范围优化建议\n\n基于模型中R₀的环境依赖性，建议维持当前50公里隔离区范围，但优化内部结构：\n\n- **核心区（半径1 km）：** 绝对禁区，除经特殊批准的实验任务外，禁止任何人员进入；\n- **缓冲区（1–10 km）：** 高风险区，仅允许佩戴Mk-IV认知屏障的勘探队员进入，暴露时间≤30分钟；\n- **监控区（10–50 km）：** 中风险区，允许技术支持及警戒人员活动，需佩戴Mk-III认知屏障；\n- **外部区（>50 km）：** 低风险区，常规后勤及行政支持活动区域。\n\n---\n\n## 7. 讨论\n\n### 7.1 模型的理论贡献\n\n本研究的理论贡献主要体现在以下三个方面：\n\n**第一，拓展了SIR模型的适用范围。** 经典SIR模型主要用于描述生物传染病的传播，本研究将其应用于异常模因传播分析，并引入环境增强因子以解释空间依赖性。这一拓展为后续异常模因的定量研究提供了方法论参考。\n\n**第二，提出了"认知奇点"概念。** "不可知知识"作为一种通过强制性认知过程自我复制的模因实体，其本质不同于常规信息或知识。"认知奇点"概念的提出有助于区分异常模因与一般模因危害，并为认知危害的分类体系提供新的维度。\n\n**第三，建立了环境-模因交互的理论框架。** 明知山的空间异常与模因传播效率之间的正反馈关系，揭示了物理环境在模因传播中的重要作用。这一发现对阈界地点的风险评估具有普遍意义。\n\n### 7.2 实践意义\n\n本研究的实践意义在于为明知山的系统性遏制提供了首个定量理论框架：\n\n1. **区域封锁的科学依据：** 50公里隔离区的建立不再仅基于经验判断，而是基于R₀<1的数学保证；\n2. **人员配置的优化：** 高风险人员的禁止进入与低风险人员的基础培训，基于感染概率的量化估计；\n3. **防护装备的配置标准：** Mk-IV认知屏障的强制佩戴与Mk-III的标准配置，基于不同环境下的阻断效率数据；\n4. **应急响应的时间窗口：** C级隔离协议中的72小时评估期限，基于三阶段转换的平均时间。\n\n### 7.3 研究局限与未来方向\n\n本研究存在以下局限，需在后续研究中加以改进：\n\n**局限1：样本量不足。** 伽马-7队案例为唯一完整的感染时间线数据，后续实验数据（n=[数据删除]）的暴露条件与核心区不完全一致。需要更多核心区实地数据以精确化模型参数。\n\n**局限2：模型简化。** 均匀混合假设、无隐性感染假设及永久免疫假设在复杂现实情境中可能不成立。后续研究应引入空间网络模型、SEIR模型（加入暴露期）及恢复者再感染模型。\n\n**局限3：模因变异的忽略。** "不可知知识"在传播过程中可能发生变异，导致传播率β或移除率γ的变化。需要长期监测数据以评估变异风险。\n\n**未来研究方向：**\n1. 开发基于个体的模拟模型（Agent-Based Modeling），纳入空间异质性及社会网络结构；\n2. 研究"不可知知识"的跨媒介传播效率差异，优化MID的处理策略；\n3. 探索认知锚定技术的神经机制，开发更高效的防护训练方案；\n4. 评估"不可知知识"对非人类认知系统（如动物、人工智能）的潜在感染风险。\n\n---\n\n## 8. 结论\n\n本文基于阈界地点明知山（TMS-L0234）的实地勘探数据与受控实验结果，构建了"不可知知识"模因传播的SIR数学模型，并提出了三阶段递进机制（认知入侵→模因复制→行为失控）。核心结论如下：\n\n1. **环境依赖性是决定性变量。** 明知山核心区为模因传播的"超临界环境"（R₀≈[数据删除]），外部环境为"亚临界环境"（R₀<1）。50公里隔离区的建立具有充分的数学依据。\n\n2. **三阶段传播模型具有预测价值。** 伽马-7队案例及后续实验验证了认知入侵→模因复制→行为失控的递进规律，为早期识别与分级干预提供了明确的时间窗口。\n\n3. **综合遏制策略有效。** Mk-IV认知屏障、模因隔离装置与C级隔离协议的组合可将核心区感染概率降至可控水平，人员风险评估标准与技术防护措施的配置基于模型参数的量化估计。\n\n4. **模型具有可扩展性。** 虽然当前模型存在简化假设，但其基本框架可纳入更复杂的空间、社会及变异因素，为后续研究奠定基础。\n\n本研究为"不可知知识"模因的系统性遏制提供了首个定量理论框架，对边际结构的人员安全与阈界管理具有重要的实践意义。\n\n---\n\n## 致谢\n\n感谢勘探队"伽马"全体成员提供的宝贵实地数据，感谢医疗与心理部在暴露者治疗与评估中的支持，感谢联络与掩盖部门在全球信息监控中的协作。本研究得到了边际结构总指挥部的批准与资助。\n\n---\n\n## 参考文献\n\n1. Dawkins, R. (1976). *The Selfish Gene*. Oxford University Press.\n2. Blackmore, S. (1999). *The Meme Machine*. Oxford University Press.\n3. Kermack, W.O., & McKendrick, A.G. (1927). A Contribution to the Mathematical Theory of Epidemics. *Proceedings of the Royal Society A*, 115(772), 700–721.\n4. 边际结构档案与研究部. (2025). 明知山对象档案（TF-L234-LND）. 边际结构内部文献.\n5. 勘探队"伽马". ([数据删除]). 明知山首次勘探记录（EL-Gamma-L234-COG）. 边际结构内部文献.\n6. 医疗与心理部. (2025). 明知山暴露者心理评估报告（MHR-L234-COG）. 边际结构内部文献.\n7. Anderson, R.M., & May, R.M. (1991). *Infectious Diseases of Humans: Dynamics and Control*. Oxford University Press.\n8. Pastor-Satorras, R., & Vespignani, A. (2001). Epidemic Spreading in Scale-Free Networks. *Physical Review Letters*, 86(14), 3200–3203.\n\n---\n\n**作者信息：**\n\n林知远博士  \n首席研究员，档案与研究部  \n电子签名：[ESIG-LZ]  \n日期：[数据删除]\n\n---\n\n**审阅信息：**\n\n伊利亚·彼得连科  \n总指挥  \n电子签名：[ESIG-IP]  \n日期：[数据删除]  \n审核状态：通过\n\n---\n\n**边际结构（TheMarginalStructure）— 理论文件档案**  \n*文档编码：THY-L0234*  \n*最后更新：2025年9月4日*  \n*访问权限：4级*\n\n---\n\n*本文件受边际结构保密协议保护，未经授权不得复制、传播或引用。违反者将依据《阈界管理法》第[数据删除]条追究责任。*\n		f	\N	\N
15	EXP-O0442	勘探记录	勘探队"贝塔"(Beta)对回音殿堂(TMS-O0442)首次勘探日志	活跃	\N	\N	2023-11-04 16:00:00	3	3	61	2026-06-02 13:21:22.713	3级	本次勘探任务成功对回音殿堂(TMS-O0442)进行了初步勘探，确认了该阈界的声学异常性质和认知危害潜力。勘探队发现了七块具有共振能力的异常水晶，这些水晶能够通过声波激活并产生认知影响效应。尽管技术专员陈在勘探过程中受到认知污染，但通过及时的医疗干预成功稳定了情况。	{声学异常,空间扭曲,认知影响,未知实体}	{"team": "Beta", "lessons": ["声学控制的重要性：任何声音都可能触发异常激活，需要制定严格的声学控制协议。", "认知污染的快速性：影响可在数秒内发生，医疗支援必须随时准备干预。", "团队协作的关键性：医疗支援在关键时刻发挥了决定性作用，证明了多专业团队的重要性。"], "analysis": {"completionRate": "95% - 成功获得核心数据和样本，完成威胁评估", "personnelStatus": "全员安全撤离，陈技术员需短期医疗观察", "dataRecoveryRate": "获得完整的声学异常数据和水晶样本", "theoreticalResearch": "[数据删除]", "coreMechanismConfirmed": "确认为中高等级认知危害威胁"}, "timeline": [{"note": "声学异常确认", "event": "进入圆形大厅，发现反光墙壁和异常回音", "phase": "初始进入", "status": "绿色", "timestamp": "09:15"}, {"note": "共鸣水晶定位", "event": "发现中央平台上的七块发光水晶", "phase": "发现异常结构", "status": "黄色", "timestamp": "09:32"}, {"note": "声波激活机制", "event": "陈技术员检查水晶，意外触发共振", "phase": "首次接触", "status": "橙色", "timestamp": "09:45"}, {"note": "认知影响确认", "event": "水晶光芒增强，陈出现认知异常", "phase": "异常激活", "status": "红色", "timestamp": "09:47"}, {"note": "回音实体接触", "event": "半透明人形实体出现，模仿队员动作", "phase": "实体出现", "status": "红色", "timestamp": "09:52"}, {"note": "样本获取成功", "event": "成功收集水晶样本，实体开始消散", "phase": "样本收集", "status": "橙色", "timestamp": "10:05"}, {"note": "医疗干预有效", "event": "陈状态不稳定，开始撤离程序", "phase": "紧急撤离", "status": "黄色", "timestamp": "10:18"}, {"note": "任务圆满完成", "event": "全队安全撤离，任务完成", "phase": "安全撤离", "status": "绿色", "timestamp": "10:35"}], "equipment": [{"name": "标准勘探装备包"}, {"name": "声学监测设备"}, {"name": "便携式隔音装置"}, {"name": "紧急医疗包"}, {"name": "通信设备（加密频道）"}, {"name": "样本收集工具"}], "leadPerson": "莉亚·沃克中尉", "teamLeader": "莉亚·沃克中尉", "discoveries": [{"type": "声学异常", "description": "回音延迟时间异常延长（15-20秒）", "threatLevel": "中等"}, {"type": "共鸣水晶", "description": "7块深蓝色水晶，对声波敏感", "threatLevel": "高"}, {"type": "认知影响", "description": "通过声波共振影响人类意识", "threatLevel": "高"}, {"type": "回音实体", "description": "半透明人形，模仿行为", "threatLevel": "低"}], "missionCode": "回音勘探 (Echo Survey)", "teamMembers": [{"name": "莉亚·沃克中尉", "role": "队长", "field": "阈界勘探", "clearance": "3级"}, {"name": "马克·陈", "role": "技术专员", "field": "声学技术", "clearance": "3级"}, {"name": "约翰逊博士", "role": "研究员", "field": "阈界研究", "clearance": "3级"}, {"name": "罗德里格斯", "role": "安全员", "field": "安全防护", "clearance": "3级"}], "missionStatus": "已完成", "explorationDate": "2023年11月3日", "followUpActions": ["医疗跟踪：对陈技术员进行为期两周的认知状态监控", "样本研究：将收集的水晶样本送至研究部门进行详细分析", "协议制定：基于此次勘探经验制定\\"回音殿堂\\"专用操作协议", "设备改进：开发专用声学防护设备", "人员培训：对所有勘探队员进行声学异常应对培训"], "missionOverview": "对新发现的回音殿堂(TMS-O0442)进行初步勘探，评估威胁等级并收集基础数据。本日志记录了勘探队\\"贝塔\\"对空间型阈界回音殿堂(TMS-O0442)的首次系统性勘探，详细展示了共鸣水晶的异常效应和认知影响机制。", "targetThreshold": "回音殿堂(TMS-O0442)", "sourceDepartment": "外勤行动部", "responsibleDepartment": "外勤行动部", "safetyRecommendations": [{"type": "访问控制", "measures": "建立永久监控站点，限制人员接触时间"}, {"type": "防护设备", "measures": "开发专用声学防护设备"}, {"type": "医疗支援", "measures": "配备专业医疗支援和认知污染应对设备"}, {"type": "协议制定", "measures": "制定严格的声学控制协议"}]}	[数据删除]	通过	马克·陈 (MChen) 的认知异常症状在72小时后完全消失，但建议对其进行长期心理健康跟踪。	\N	2026-05-28 09:35:57.154	\N	\N		f	\N	\N
4	TMS-E0771	阈界档案	生物侵蚀模因载体 (Bio-Erosive Memetic Carrier)	活跃	琥珀色-C	琥珀色	\N	3	2	54	2026-06-04 15:37:50.58	2级	TMS-E0771 指代的是一种在形态上与基准现实的烟粉虱（Bemisia tabaci）近乎一致的异常昆虫个体集群。单个E771-ENT个体不具备威胁性，但其集群（称为一次"爆发"）会表现出高度协同的智能和异常特性。当其集群规模超过卡斯科阈值（约10^6个体/立方米）时，集群振翅产生的特定频率声波会融合成为一种被感知为"悲鸣"或"低语"的模因载体。此模因信号会诱导暴露范围内的智慧生命体产生强烈的、无法抗拒的虚无主义与自我否定情绪，并伴随一种认为"自身存在毫无价值，唯有融入群体才是归宿"的强迫性认知。	{生物侵蚀,模因感染,群体意识同化}	{"phases": [{"name": "第一阶段：隔离与净化", "target": "阻断模因传播", "duration": "即时响应", "mechanism": "建立声学隔离区，使用大功率白噪音发生器进行模因屏蔽", "keyIndicator": "模因信号强度降低", "manifestation": "声学隔离区建立，模因信号被屏蔽"}, {"name": "第二阶段：物理清除", "target": "消除实体威胁", "duration": "根据集群规模", "mechanism": "穿戴全封闭式防护服，使用广谱杀虫气溶胶及火焰喷射器清除集群", "keyIndicator": "集群密度低于卡斯科阈值", "manifestation": "集群数量减少，物理威胁降低"}, {"name": "第三阶段：人员管理", "target": "防止模因二次传播", "duration": "持续", "mechanism": "所有暴露人员立即接受强制性心理评估与净化；三期转化者需终结", "keyIndicator": "暴露人员心理状态评估结果", "manifestation": "暴露人员心理状态稳定或转化者被处理"}, {"name": "第四阶段：信息管制", "target": "维护社会稳定", "duration": "持续", "mechanism": "对公众解释为\\"工业事故导致的具有神经毒性的昆虫集群\\"", "keyIndicator": "信息传播得到有效控制", "manifestation": "公众认知被引导，恐慌情绪得到控制"}], "protocols": [{"phase": "第一阶段", "measures": "建立声学隔离区，使用大功率白噪音发生器进行模因屏蔽", "department": "外勤行动部", "procedureName": "隔离与净化"}, {"phase": "第二阶段", "measures": "穿戴全封闭式防护服，使用广谱杀虫气溶胶及火焰喷射器清除集群", "department": "勘探队", "procedureName": "物理清除"}, {"phase": "第三阶段", "measures": "所有暴露人员立即接受强制性心理评估与净化；三期转化者需终结", "department": "医疗与心理部", "procedureName": "人员管理"}, {"phase": "第四阶段", "measures": "对公众解释为\\"工业事故导致的具有神经毒性的昆虫集群\\"", "department": "联络与掩盖部门", "procedureName": "信息管制"}], "commonName": "\\"悲鸣之云\\" (The Lamenting Cloud)", "leadPerson": "林知远博士", "properties": [{"name": "生物侵蚀 (Biological Erosion)", "scope": "直接接触区域", "category": "物理侵蚀", "description": "群体主动覆盖并渗透复杂结构，分泌物导致金属锈蚀、塑料脆化、电路短路及有机组织坏死"}, {"name": "模因感染 (Memetic Infection)", "scope": "声波传播范围", "category": "认知影响", "description": "\\"悲鸣\\"模因诱导情绪低落到主动寻求同化，最终转化为新个体和模因信号源"}, {"name": "集群智能 (Swarm Intelligence)", "scope": "整个集群范围", "category": "行为模式", "description": "超过卡斯科阈值的集群表现出远超昆虫的智能，能够规避陷阱并感知情绪脆弱的个体"}], "coreFeatures": "模因声波诱导与生物侵蚀、智慧生命体群体意识同化", "responseTeam": "勘探队\\"守护者\\"", "anomalyReport": "\\"灰色云雾带来绝望并吞噬路人\\"", "archiveNature": "异常生物实体集群档案", "knownEntities": [{"name": "E771-ENT个体", "type": "异常昆虫个体", "behavior": "单个个体不具备威胁性", "mechanism": "与基准现实的烟粉虱（Bemisia tabaci）近乎一致", "dangerLevel": "无", "contactRecord": "无单独接触记录"}, {"name": "E771-ENT集群（\\"悲鸣之云\\"）", "type": "异常生物实体集群", "behavior": "表现出高度协同的智能和异常特性，主动覆盖并渗透复杂结构", "mechanism": "超过卡斯科阈值时产生模因声波", "dangerLevel": "极高", "contactRecord": "勘探队\\"守护者\\"首次发现并记录"}], "sourceDepartment": "外勤行动部 / 勘探队\\"守护者\\"", "discoveryLocation": "[数据删除]市的废弃工业区", "threatAssessments": [], "accessRequirements": [], "behaviorGuidelines": [], "emergencyProcedures": [], "environmentFeatures": {"physical": ["形态特征：与基准现实的烟粉虱（Bemisia tabaci）近乎一致", "集群规模：超过卡斯科阈值（约10^6个体/立方米）时表现出异常特性", "分泌物：导致金属锈蚀、塑料脆化、电路短路及有机组织坏死"], "cognitive": ["模因载体：集群振翅产生的特定频率声波融合成为\\"悲鸣\\"或\\"低语\\"", "情绪诱导：产生强烈的虚无主义与自我否定情绪", "强迫性认知：认为\\"自身存在毫无价值，唯有融入群体才是归宿\\""]}, "responsibleDepartment": "档案与研究部"}	林知远博士 | [数据删除]	通过	悲鸣之云的模因机制极其危险，建议加强对工业区域的定期监控，防止新的爆发事件。—— 安雅·夏尔马	/api/v1/uploads/TMS-E0771.png	2026-05-28 09:35:57.036	\N	\N		f	/api/v1/uploads/TMS-E0771.mp4	<svg xmlns="http://www.w3.org/2000/svg" viewBox="0 0 200 200">\n  <defs>\n    <radialGradient id="g-E0771" cx="50%" cy="50%" r="55%">\n      <stop offset="0%" stop-color="#B45309" stop-opacity="0.2"/>\n      <stop offset="100%" stop-color="#0a0a0a" stop-opacity="0"/>\n    </radialGradient>\n    <radialGradient id="cell-E0771" cx="50%" cy="50%" r="50%">\n      <stop offset="0%" stop-color="#FBBF24" stop-opacity="0.25"/>\n      <stop offset="100%" stop-color="#B45309" stop-opacity="0.05"/>\n    </radialGradient>\n  </defs>\n  <!-- 外环 -->\n  <circle cx="100" cy="100" r="92" fill="url(#g-E0771)" stroke="#B45309" stroke-width="0.6" opacity="0.2"/>\n  <!-- 中心母细胞 -->\n  <circle cx="100" cy="100" r="30" fill="url(#cell-E0771)" stroke="#FBBF24" stroke-width="1.5" opacity="0.4"/>\n  <circle cx="100" cy="100" r="20" fill="none" stroke="#FBBF24" stroke-width="0.6" opacity="0.2"/>\n  <!-- 细胞核 -->\n  <circle cx="100" cy="100" r="8" fill="none" stroke="#FBBF24" stroke-width="1" opacity="0.35"/>\n  <!-- 分裂子细胞 -->\n  <ellipse cx="56" cy="72" rx="14" ry="10" fill="none" stroke="#B45309" stroke-width="1.2" opacity="0.35" transform="rotate(-30 56 72)"/>\n  <ellipse cx="56" cy="72" rx="6" ry="4" fill="none" stroke="#B45309" stroke-width="0.6" opacity="0.2" transform="rotate(-30 56 72)"/>\n  <ellipse cx="150" cy="130" rx="16" ry="11" fill="none" stroke="#B45309" stroke-width="1.2" opacity="0.35" transform="rotate(45 150 130)"/>\n  <ellipse cx="150" cy="130" rx="7" ry="5" fill="none" stroke="#B45309" stroke-width="0.6" opacity="0.2" transform="rotate(45 150 130)"/>\n  <!-- 侵蚀扩散圈 -->\n  <circle cx="100" cy="100" r="55" fill="none" stroke="#FBBF24" stroke-width="0.5" opacity="0.2" stroke-dasharray="2 6"/>\n  <circle cx="100" cy="100" r="70" fill="none" stroke="#B45309" stroke-width="0.4" opacity="0.15" stroke-dasharray="1 8"/>\n  <!-- 生物膜链接丝 -->\n  <path d="M 80 80 Q 70 70 60 72" fill="none" stroke="#FBBF24" stroke-width="0.5" opacity="0.2"/>\n  <path d="M 120 120 Q 135 125 145 128" fill="none" stroke="#FBBF24" stroke-width="0.5" opacity="0.2"/>\n  <!-- 微小孢子 -->\n  <circle cx="35" cy="45" r="1" fill="#FBBF24" opacity="0.2"/>\n  <circle cx="160" cy="35" r="1.2" fill="#FBBF24" opacity="0.15"/>\n  <circle cx="170" cy="90" r="0.8" fill="#FBBF24" opacity="0.2"/>\n  <circle cx="25" cy="130" r="1" fill="#FBBF24" opacity="0.15"/>\n</svg>
9	TMS-T0112	阈界档案	静默车站 (The Silent Station)	活跃	黄色-CP	黄色	\N	3	2	56	2026-06-04 15:37:50.624	3级	TMS-T0112记录阈界地点静默车站，一个位于城市地铁网络中的时间异常空间。该站台外表与正常地铁站无异，但站内所有计时设备永久锁定在23:47，且存在无法交互的"幽灵列车"现象。站台广播使用未知语言，疑似包含阈界坐标信息。	{时间冻结效应：停留超过23分钟的个体将出现主观时间感知与外界时间流逝的严重偏差,未知语言广播：包含疑似阈界坐标的编码信息，可能具有模因传播风险,幽灵列车异常：车窗内人影近期表现出对站台人员的感知行为，威胁等级可能上调}	{"phases": [{"name": "初始阶段", "target": "进入者", "duration": "0-23分钟", "mechanism": "个体无异常感知，计时设备显示23:47不变", "keyIndicator": "无", "manifestation": "无异常表现"}, {"name": "触发阶段", "target": "超时停留者", "duration": "23分钟", "mechanism": "个体进入\\"时间冻结\\"状态，外界观察其静止不动", "keyIndicator": "静止不动", "manifestation": "外界观察个体静止"}, {"name": "冻结阶段", "target": "冻结状态个体", "duration": "23分钟后", "mechanism": "个体主观时间正常流逝，可思考、感知环境，但无法移动或与外界交互", "keyIndicator": "主观时间感知异常", "manifestation": "外界每过1分钟，个体感知约10-30分钟"}, {"name": "恢复阶段", "target": "移出后的个体", "duration": "3-5分钟", "mechanism": "将个体移出站台后自行恢复", "keyIndicator": "恢复正常", "manifestation": "恢复正常状态"}], "protocols": [{"phase": "隔离", "measures": "站台入口封闭为\\"设施维修中\\"，设置常规施工围挡", "department": "外勤行动部", "procedureName": "区域封锁"}, {"phase": "监控", "measures": "24小时闭路监控，由Site-[数据删除]值班人员实时监视", "department": "安全与防护部", "procedureName": "实时监控"}, {"phase": "分流", "measures": "协调地铁运营方调整列车时刻表，该站不再停靠", "department": "联络与掩盖部门", "procedureName": "运营调整"}, {"phase": "预警", "measures": "进入人员佩戴计时器，22分钟时强制撤离", "department": "外勤行动部", "procedureName": "时间限制"}, {"phase": "研究", "measures": "单次进入时间不得超过22分钟，必须两人以上组队", "department": "档案与研究部", "procedureName": "受控实验"}], "commonName": "\\"23:47站台\\" (The Silent Station)", "leadPerson": "安娜·科瓦尔斯基博士", "properties": [{"name": "时间锁定", "scope": "站台内部空间", "category": "时间异常", "description": "站台内所有计时设备永久锁定在23:47，不受外部时间流逝影响"}, {"name": "时间冻结效应", "scope": "直接接触者", "category": "时间异常", "description": "停留超过23分钟的个体主观感知时间流速为外界的10-30倍"}, {"name": "幽灵列车", "scope": "站台区域", "category": "空间异常", "description": "列车按时到达但从不开启车门，车窗内存在无法交互的人影"}, {"name": "未知语言广播", "scope": "站台内部，录音可传播", "category": "认知危害", "description": "持续播报不属于任何已知语言谱系的语言，疑似包含阈界坐标"}, {"name": "坐标编码", "scope": "信息层面", "category": "信息异常", "description": "广播频谱分析发现嵌套的数字序列，指向深邃之海(TMS-L0735)区域"}], "coreFeatures": "时间锁定、时间冻结效应、幽灵列车、未知语言广播、坐标编码", "responseTeam": "快速反应小队\\"守夜人\\"", "anomalyReport": "地铁乘客报告\\"时间停止的站台\\"，多名目击者称站台上有人\\"像雕塑一样站着不动\\"", "archiveNature": "时间异常型阈界地点，表现为地铁站台形态的时间锁定空间", "knownEntities": [{"name": "幽灵列车人影", "type": "未知实体", "behavior": "在列车车窗内活动，近期开始表现出对站台人员的感知行为", "mechanism": "无法与站台人员建立任何形式的交互", "dangerLevel": "未知（正在评估）", "contactRecord": "2026-01-08首次记录到人影集体转头\\"注视\\"站台上的人员"}], "sourceDepartment": "外勤行动部 / 快速反应小队\\"守夜人\\"", "discoveryLocation": "城市地铁网络，线路[数据删除]", "threatAssessments": [{"riskLevel": "高", "personnelType": "长时间停留者", "recommendedAction": "严格限制停留时间，22分钟时强制撤离", "susceptibilityReason": "停留超过23分钟将触发时间冻结效应"}, {"riskLevel": "中", "personnelType": "广播录音接触者", "recommendedAction": "广播录音禁止带出研究区域", "susceptibilityReason": "广播可能具有模因传播风险"}], "accessRequirements": [{"text": "在22分钟限制内进行观测和记录", "allowed": true}, {"text": "使用便携式频谱分析设备采集广播数据", "allowed": true}, {"text": "任何人尝试与幽灵列车内人影进行任何形式的交互", "allowed": false}, {"text": "单次停留超过22分钟", "allowed": false}, {"text": "独自进入站台", "allowed": false}, {"text": "广播录音带出研究区域", "allowed": false}], "behaviorGuidelines": [{"text": "在22分钟限制内进行观测和记录", "allowed": true}, {"text": "使用便携式频谱分析设备采集广播数据", "allowed": true}, {"text": "两人以上组队进入", "allowed": true}, {"text": "任何人尝试与幽灵列车内人影进行任何形式的交互", "allowed": false}, {"text": "单次停留超过22分钟", "allowed": false}, {"text": "独自进入站台", "allowed": false}], "emergencyProcedures": [{"text": "立即撤离所有人员", "allowed": true}, {"text": "封锁站台入口", "allowed": true}, {"text": "通知安全与防护部", "allowed": true}, {"text": "任何人尝试与幽灵列车内人影进行任何形式的交互", "allowed": false}, {"text": "未经授权进入站台", "allowed": false}], "environmentFeatures": {"physical": ["时间状态：永久23:47，所有计时设备锁定", "温度：正常，约22°C，无异常波动", "照明：站台照明持续运行，亮度恒定", "电磁环境：常规设备可正常运行，但时间显示功能失效", "声学环境：持续广播，音量约60-70分贝"], "cognitive": ["未知语言广播：持续播报不属于任何已知语言谱系的语言", "时间冻结效应：停留超过23分钟触发主观时间感知异常", "幽灵列车现象：车窗内人影近期表现出对站台的感知行为"]}, "responsibleDepartment": "档案与研究部"}	亚历山大·科瓦尔部长 | [数据删除]	通过	幽灵列车人影的行为变化（2026-01-08）表明该异常的活性可能正在增强。建议将监控等级从C级提升至B级，并限制所有非必要进入。广播坐标与深邃之海的关联性需要跨部门联合调查。 —— 安娜·科瓦尔斯基	/api/v1/uploads/TMS-T0112.png	2026-05-28 09:35:57.093	\N			f	/api/v1/uploads/TMS-T0112.mp4	<svg xmlns="http://www.w3.org/2000/svg" viewBox="0 0 200 200">\n  <defs>\n    <radialGradient id="g-T0112" cx="50%" cy="50%" r="55%">\n      <stop offset="0%" stop-color="#2563EB" stop-opacity="0.15"/>\n      <stop offset="100%" stop-color="#0a0a0a" stop-opacity="0"/>\n    </radialGradient>\n    <linearGradient id="track-T0112" x1="0" y1="0" x2="0" y2="1">\n      <stop offset="0%" stop-color="#93C5FD" stop-opacity="0.8"/>\n      <stop offset="100%" stop-color="#2563EB" stop-opacity="0.15"/>\n    </linearGradient>\n  </defs>\n  <!-- 背景 -->\n  <circle cx="100" cy="100" r="92" fill="url(#g-T0112)" stroke="#2563EB" stroke-width="0.6" opacity="0.2"/>\n  <!-- 铁轨 — 透视汇聚 -->\n  <line x1="40" y1="170" x2="96" y2="70" stroke="#93C5FD" stroke-width="1.5" opacity="0.5"/>\n  <line x1="160" y1="170" x2="104" y2="70" stroke="#93C5FD" stroke-width="1.5" opacity="0.5"/>\n  <!-- 枕木 — 透视间距 -->\n  <line x1="48" y1="160" x2="152" y2="160" stroke="#2563EB" stroke-width="1" opacity="0.35"/>\n  <line x1="56" y1="147" x2="144" y2="147" stroke="#2563EB" stroke-width="0.9" opacity="0.3"/>\n  <line x1="64" y1="135" x2="136" y2="135" stroke="#2563EB" stroke-width="0.8" opacity="0.25"/>\n  <line x1="72" y1="124" x2="128" y2="124" stroke="#2563EB" stroke-width="0.7" opacity="0.2"/>\n  <line x1="80" y1="114" x2="120" y2="114" stroke="#2563EB" stroke-width="0.6" opacity="0.15"/>\n  <line x1="86" y1="105" x2="114" y2="105" stroke="#2563EB" stroke-width="0.5" opacity="0.1"/>\n  <!-- 站台边缘 -->\n  <line x1="32" y1="175" x2="168" y2="175" stroke="#2563EB" stroke-width="1.2" opacity="0.4"/>\n  <line x1="35" y1="173" x2="165" y2="173" stroke="#93C5FD" stroke-width="0.5" opacity="0.25"/>\n  <!-- 汇聚点星光 -->\n  <circle cx="100" cy="70" r="3" fill="#93C5FD" opacity="0.6"/>\n  <circle cx="100" cy="70" r="6" fill="none" stroke="#93C5FD" stroke-width="0.5" opacity="0.25"/>\n  <!-- 上方月台灯 -->\n  <line x1="100" y1="30" x2="100" y2="48" stroke="#93C5FD" stroke-width="0.8" opacity="0.2"/>\n  <circle cx="100" cy="28" r="3" fill="none" stroke="#93C5FD" stroke-width="0.6" opacity="0.3"/>\n</svg>
10	EXP-O0881	勘探记录	勘探队织梦者队(Dreamweaver)对万花筒殿(TMS-O0881)首次勘探日志	封存	\N	\N	\N	3	3	58	2026-06-02 13:21:22.713	4级	本次勘探任务旨在对新发现的万花筒殿(TMS-O0881)进行初步评估。首席梦境潜入员艾伦·凯执行单人深度勘探，使用神经同步技术进入阈界内部。任务过程中，艾伦·凯遭遇了阈界的核心危险机制——"认知诱惑"，导致其现实认知逐步瓦解，最终被阈界完全同化。尽管任务以悲剧告终，但成功收集了关于该阈界危险机制的关键数据，为后续研究和防护策略提供了重要基础。	{现实感丧失,意识沉浸,自我边界溶解}	{"team": "织梦者队 (Dreamweaver)", "lessons": ["认知诱惑机制：TMS-O0881的核心危险在于其能够利用勘探者的好奇性和开放性思维，通过感官超载和情感操控逐步瓦解现实认知。", "防护设备局限性：传统现实锚点在面对高强度认知危害时存在明显局限，需要开发更强效的防护措施。", "人员筛选重要性：具有强烈好奇心和开放性思维的人员更容易受到认知诱惑影响，需要重新评估人员选择标准。"], "analysis": {"completionRate": "0% - 勘探员完全同化，任务失败", "personnelStatus": "艾伦·凯失踪，推定已被阈界同化", "dataRecoveryRate": "低于15% - 神经记录仪严重损坏", "theoreticalResearch": "基于此案例提出\\"认知海绵\\"理论模型 THY-O0881", "coreMechanismConfirmed": "认知诱惑与自我溶解机制得到验证"}, "timeline": [{"note": "标准进入程序", "event": "连接协议启动，神经同步率98.7%，基准现实锚点（怀表）感知清晰，通过连接点\\"镜湖\\"进入", "phase": "初始连接", "status": "正常", "timestamp": "00:00:01"}, {"note": "感官适应期", "event": "成功介入TMS-O0881，感官超载，环境由纯粹主观体验驱动，确认为认知主导阈界", "phase": "环境确认", "status": "轻微异常", "timestamp": "00:00:15"}, {"note": "首次违反安全协议", "event": "发现通往深层的通道，锚点发出警告，决定继续下潜", "phase": "深入勘探", "status": "警告状态", "timestamp": "00:12:04"}, {"note": "认知分裂开始", "event": "进入深层结构，数据剧烈波动，出现多重认知回声", "phase": "深层接触", "status": "数据不稳定", "timestamp": "00:12:47"}, {"note": "情感操控迹象", "event": "遭遇\\"梦境之民\\"，体验\\"童年恐惧\\"与\\"无条件的爱\\"的瞬间冲击", "phase": "实体遭遇", "status": "情绪波动", "timestamp": "00:15:02"}, {"note": "同化进程启动", "event": "激素水平异常飙升，产生极乐与全知错觉，明确表达留下意愿", "phase": "认知异常", "status": "严重异常", "timestamp": "00:18:31"}, {"note": "自我边界崩溃", "event": "锚点警报持续被忽略，表达对基准现实的蔑视与对阈界的认同", "phase": "自我溶解", "status": "危险状态", "timestamp": "00:19:55"}, {"note": "完全同化", "event": "数据极度混乱，反复呢喃\\"我是\\"，最后语句\\"锚点溶解\\"", "phase": "信号丢失", "status": "失联", "timestamp": "00:21:17"}], "equipment": [{"name": "标准梦境潜入装备包"}, {"name": "神经同步记录仪 (型号: NSR-7)"}, {"name": "生物计量监测传感器"}, {"name": "现实锚点设备 (个人怀表)"}, {"name": "紧急撤离协议装置"}], "leadPerson": "艾伦·凯", "teamLeader": "艾伦·凯", "discoveries": [{"type": "认知诱惑机制", "description": "阈界能够利用进入者的好奇心和开放性思维进行认知操控", "threatLevel": "极高"}, {"type": "感官超载效应", "description": "环境通过感官混合（联觉）造成认知负荷", "threatLevel": "高"}, {"type": "自我边界溶解", "description": "进入者的现实感知逐步瓦解，最终完全同化", "threatLevel": "极高"}, {"type": "现实锚点失效", "description": "传统防护设备在高强度认知危害下效果有限", "threatLevel": "高"}], "missionCode": "万花筒深潜 (Kaleidoscope Dive)", "teamMembers": [{"name": "艾伦·凯", "role": "队长", "field": "梦境潜入", "clearance": "4级"}], "missionStatus": "失败 - 人员同化", "explorationDate": "[数据删除]", "followUpActions": ["理论研究：基于此案例提出\\"认知海绵\\"理论模型", "装备升级：开发针对认知危害新型防护设备", "人员培训：加强对梦境潜入员的认知抗性训练", "数据分析：深度分析神经记录数据以提取更多有价值信息", "搜救评估：评估艾伦·凯的搜救可能性（优先级：低）"], "missionOverview": "本日志记录了首席梦境潜入员艾伦·凯对万花筒殿(TMS-O0881)的单人勘探行动及最终同化过程。数据由严重损坏的神经记录仪复原，清晰展示了该阈界通过\\"认知诱惑\\"机制瓦解自我边界的三阶段过程。此日志为研究高强度认知危害提供了极端案例，具极高研究价值与警示意义。", "targetThreshold": "万花筒殿(TMS-O0881)", "sourceDepartment": "外勤行动部", "responsibleDepartment": "外勤行动部", "safetyRecommendations": [{"type": "访问控制", "measures": "维持对TMS-O0881的现行禁令，禁止任何人员进入"}, {"type": "人员筛选", "measures": "任何进一步勘探必须使用经过\\"情感淡漠\\"强化筛选的\\"黑白思维者\\""}, {"type": "装备要求", "measures": "配备最高等级的现实锚定装备和多重备份系统"}, {"type": "数据分级", "measures": "将艾伦·凯的最终记录列为7级认知危害，仅限4级以上权限查阅"}, {"type": "监控加强", "measures": "对阈界周边区域实施24小时监控，防止意外接触"}]}	莉亚·沃克中尉	通过	艾伦·凯在任务中表现出的专业精神值得敬佩，其牺牲为我们理解认知危害提供了宝贵资料。建议将此案例作为培训教材。	\N	2026-05-28 09:35:57.106	\N	\N		f	\N	\N
14	EXP-L0735	勘探记录	勘探队伽马队(Gamma)对深邃之海(TMS-L0735)勘探日志	封存	\N	\N	2023-11-18 00:00:00	\N	3	59	2026-06-02 13:21:22.713	4级	本次勘探任务对深邃之海(TMS-L0735)进行了首次意外接触和初步勘探，确认了该阈界的基本特性和威胁机制。勘探队"伽马"在调查太平洋水文异常时意外进入该阈界，发现其具有"下沉引力"和"淹没效应"等危险特性。任务过程中队员守护者-德尔塔因"认知溶解"效应死亡，其余队员通过爆炸脱困成功撤离。	{极端环境压力,下沉引力,认知溶解}	{"team": "伽马", "lessons": ["阈界进入的不可预测性：该阈界的入口表现为自然涡流，具有强烈的吸引力，常规设备无法抵抗。", "环境压力的异常性质：阈界内的压力超越物理极限但不遵循常规物理法则，对意识产生直接影响。", "认知溶解的渐进性：\\"淹没效应\\"会逐渐侵蚀勘探者的记忆和认知功能，需要严格的时间限制。"], "analysis": {"completionRate": "70% - 成功确认阈界特性，但损失人员", "personnelStatus": "3人安全撤离，1人死亡", "dataRecoveryRate": "获得阈界基础特性和威胁机制数据", "theoreticalResearch": "[数据删除]", "coreMechanismConfirmed": "确认为琥珀色-PC级威胁"}, "timeline": [{"note": "心理波动记录仪基线稳定，但声音让人有种奇怪的平静感", "event": "确认异常涡流。直径约8米。水体温度恒定在4摄氏度，读数稳定得不自然。声学麦克风捕捉到持续性低频声音。", "phase": "海面侦察", "status": "正常", "timestamp": "00:00:01"}, {"note": "空间曲率异常，确认连接点性质", "event": "被一股无法抗拒的吸力捕获，推进器全功率反向无效，被拉向涡流。", "phase": "被吸入阈界", "status": "紧急", "timestamp": "00:05:32"}, {"note": "显示深度-10,000米，物理法则被修改", "event": "穿过涡流进入阈界，外部压力读数指数级攀升，深度计失效。", "phase": "进入阈界", "status": "严重异常", "timestamp": "00:06:15"}, {"note": "压力读数已超过马里亚纳海沟最深处水平的1500%", "event": "确认环境特性，持续下沉，无形力场拖拽，常规推进无法对抗。", "phase": "持续下沉", "status": "危险", "timestamp": "00:12:40"}, {"note": "\\"生理压缩\\"效应确认", "event": "队员D（守护者-德尔塔）生命体征异常，新陈代谢速率急剧下降，体细胞密度异常增高。", "phase": "认知溶解开始", "status": "严重危险", "timestamp": "00:45:18"}, {"note": "记忆丢失和认知功能衰退导致死亡", "event": "队员D生物信号完全终止，因\\"认知溶解\\"效应死亡。", "phase": "人员损失", "status": "损失", "timestamp": "01:15:02"}, {"note": "成功被向上推回，涡流入口在探测范围内", "event": "将全部能量导向紧急信号信标，逆向引爆推进剂燃料舱，冲击波暂时抵消下沉引力。", "phase": "爆炸脱困", "status": "紧急脱困", "timestamp": "01:48:55"}], "equipment": [{"name": "专用潜水器\\"深渊滑翔者\\"号"}, {"name": "声学麦克风和声纳设备"}, {"name": "生物读数监测器"}, {"name": "心理波动记录仪"}, {"name": "远程侦测无人机"}, {"name": "紧急上浮系统"}], "leadPerson": "米拉·陈", "teamLeader": "米拉·陈", "discoveries": [{"type": "下沉引力", "description": "无形力场持续拖拽物体向深处下沉，常规推进无法对抗", "threatLevel": "极高"}, {"type": "生理压缩", "description": "极端压力导致新陈代谢下降，体细胞密度增高，生理结构被压缩", "threatLevel": "高"}, {"type": "认知溶解", "description": "压力影响意识本身，导致记忆丢失和认知功能衰退", "threatLevel": "极高"}, {"type": "物理法则修改", "description": "压力超过自然极限但船体未崩塌，深度计失效", "threatLevel": "高"}, {"type": "音频异常", "description": "持续性低频声音具有心理影响，产生平静感和接近欲望", "threatLevel": "中"}], "missionCode": "[数据删除]", "teamMembers": [{"name": "米拉·陈", "role": "队长", "field": "勘探领导", "clearance": "3级"}, {"name": "艾萨克·韦伯", "role": "技术专家", "field": "技术分析", "clearance": "3级"}, {"name": "戴维·卡特", "role": "医疗与心理评估员", "field": "医疗与心理评估", "clearance": "3级"}, {"name": "守护者-德尔塔", "role": "队员", "field": "勘探", "clearance": "3级"}], "missionStatus": "已完成", "explorationDate": "[数据删除]", "followUpActions": ["防护研发：开发针对\\"淹没效应\\"的专用防护设备", "协议制定：建立阈界勘探的严格时间和深度限制", "理论研究：深入分析\\"下沉引力\\"和\\"认知溶解\\"机制", "人员关怀：对幸存队员进行全面体检和心理治疗", "抚恤处理：启动对守护者-德尔塔家属的抚恤协议"], "missionOverview": "本日志记录了勘探队\\"伽马\\"对深邃之海(TMS-L0735)的首次意外接触与初步勘探的全过程。任务旨在评估该异常空间的基本环境参数、物理特性及潜在威胁。行动中遭遇了该阈界固有的\\"下沉引力\\"与\\"淹没效应\\"，并因此损失一名队员。本报告为该阈界的首次记录，是其阈界档案（TMS-L0735）的核心数据来源。", "targetThreshold": "深邃之海(TMS-L0735)", "sourceDepartment": "勘探队\\"伽马\\"", "responsibleDepartment": "外勤行动部", "safetyRecommendations": [{"type": "防护升级", "measures": "开发抗压缩防护服和认知保护设备"}, {"type": "勘探限制", "measures": "严格限制勘探时间和深度"}, {"type": "人员筛选", "measures": "加强心理稳定性和抗压能力评估"}, {"type": "应急预案", "measures": "制定强制撤离和爆炸脱困程序"}]}	[数据删除]	通过	本档案记录了首次阈界勘探的重要经验，建议作为阈界勘探培训的核心教材。	\N	2026-05-28 09:35:57.146	\N	\N		f	\N	\N
13	EXP-E0771	勘探记录	勘探队"守护者"(Guardian)对"悲鸣之云"(TMS-E0771)首次勘探日志	封存	\N	\N	\N	3	3	60	2026-06-02 13:21:22.713	4级	本次勘探任务对TMS-E0771 "悲鸣之云"进行了首次直接接触，确认了该实体具有强烈的模因影响能力。勘探队发现该实体由大量烟粉虱构成，能够发出被称为"悲鸣"的音频模因信号，诱发接触者产生绝望情绪和自毁倾向。任务过程中队员Guardian-Bravo完全受模因影响，主动走向虫群并被吞没，导致人员损失。	{模因感染,心理操控,集群攻击,人员损失}	{"team": "守护者", "lessons": ["模因防护的局限性：标准白噪音发生器无法完全阻止\\"悲鸣\\"模因的心理渗透，需要开发更强效的反模因防护设备。", "实体反应性机制：虫群对受影响人员的情绪波动表现出明显的指向性，表明该实体具有某种情绪感知能力。", "模因效应的快速性：\\"悲鸣\\"模因能够在极短时间内完全控制目标的意识和行为，需要制定更严格的预防措施。"], "analysis": {"completionRate": "30% - 确认实体威胁性质，但损失人员", "personnelStatus": "3人安全撤离，1人失踪（推定死亡）", "dataRecoveryRate": "获得模因效应和实体行为的关键数据", "theoreticalResearch": "[数据删除]", "coreMechanismConfirmed": "确认为极高等级模因威胁"}, "timeline": [{"note": "生物扫描确认形态学分析匹配烟粉虱，集群密度读数爆表", "event": "守护者队就位，已抵达目标坐标。视觉确认异常现象。目标外观描述为一团巨大、持续蠕动的灰色云雾，悬浮于废弃厂房综合体上空。初步观测由无数小型飞行昆虫个体构成。", "phase": "抵达目标", "status": "正常", "timestamp": "00:01:15"}, {"note": "声学传感器采集到异常频率，确认存在高强度音频模因信号", "event": "队员伊万·科瓦列夫声音语调出现变化，描述听到哭声，感到胸口很闷。", "phase": "模因暴露", "status": "异常", "timestamp": "00:02:03"}, {"note": "虫群对受影响人员的情绪波动表现出明显的指向性和聚集行为", "event": "伊万·科瓦列夫完全受模因影响，喃喃自语\\"回归…融入…才是解放…\\"，虫云改变形态并向队伍移动。", "phase": "模因影响加剧", "status": "危险", "timestamp": "00:03:41"}, {"note": "任务中止，失去伊万·科瓦列夫", "event": "伊万·科瓦列夫平静而空洞地说\\"我回家了\\"，随后坚定地走向虫群，被虫云吞没。", "phase": "人员损失", "status": "严重损失", "timestamp": "00:04:58"}], "equipment": [{"name": "标准白噪音发生器（全功率运行）"}, {"name": "生物扫描设备"}, {"name": "声学传感器套件"}, {"name": "自动武器和火焰喷射器"}, {"name": "紧急撤离协议"}], "leadPerson": "亚历克斯·诺瓦克", "teamLeader": "亚历克斯·诺瓦克", "discoveries": [{"type": "模因效应确认", "description": "\\"悲鸣\\"音频模因信号具有强烈的心理影响，能够诱发绝望情绪和自毁倾向", "threatLevel": "极高"}, {"type": "实体反应性", "description": "虫群对受影响人员的情绪波动表现出明显的指向性和聚集行为", "threatLevel": "高"}, {"type": "人员损失", "description": "队员伊万·科瓦列夫完全受模因影响，主动走向虫群并被吞没", "threatLevel": "极高"}, {"type": "防护失效", "description": "标准白噪音发生器无法完全阻止\\"悲鸣\\"模因的心理渗透", "threatLevel": "高"}], "missionCode": "[数据删除]", "teamMembers": [{"name": "亚历克斯·诺瓦克", "role": "队长", "field": "勘探领导", "clearance": "3级"}, {"name": "娜塔莎·罗曼诺娃", "role": "防护专家", "field": "防护", "clearance": "3级"}, {"name": "马克·汤普森", "role": "安全评估员", "field": "安全评估", "clearance": "3级"}, {"name": "伊万·科瓦列夫", "role": "队员", "field": "勘探", "clearance": "3级"}], "missionStatus": "失败", "explorationDate": "[数据删除]", "followUpActions": ["防护升级：研发针对\\"悲鸣\\"模因的专用防护设备", "威胁重评：将TMS-E0771威胁等级提升至红色-EC (存在性威胁，兼具实体与认知危害)", "协议制定：建立受模因影响人员的强制撤离程序", "人员筛选：加强任务前心理稳定性评估", "理论研究：深入分析模因传播机制和防护原理"], "missionOverview": "本日志记录了勘探队\\"守护者\\"对TMS-E0771的首次接触过程，详细展示了\\"悲鸣\\"模因的即时影响机制和致命后果。此次任务虽然以人员损失告终，但为理解该实体的威胁性质提供了关键的第一手数据。", "targetThreshold": "悲鸣之云(TMS-E0771)", "sourceDepartment": "外勤行动部", "responsibleDepartment": "外勤行动部", "safetyRecommendations": [{"type": "防护升级", "measures": "需要开发更强效的反模因防护设备"}, {"type": "人员筛选", "measures": "执行任务前需进行心理稳定性评估"}, {"type": "应急协议", "measures": "制定受模因影响人员的强制撤离程序"}, {"type": "威胁等级", "measures": "建议将TMS-E0771威胁等级提升至红色-EC (存在性威胁，兼具实体与认知危害)"}]}	[数据删除]	通过	本档案记录了首次模因实体接触的惨痛教训，建议作为模因防护培训的必读材料。	\N	2026-05-28 09:35:57.138	\N	\N		f	\N	\N
18	EXP-O0442-V2	实验记录	阈界物品共鸣水晶(TMS-O0442-01) 实验记录	活跃	\N	\N	\N	2	2	54	2026-06-02 09:36:30.659	3级	本实验记录详细记载了阈界物品共鸣水晶(TMS-O0442-01)的受控环境测试过程，包括基础物理特性测试、认知共鸣效应测试和现实扭曲现象测试。该物品由勘探队"Beta"从回音殿堂(TMS-O0442)中回收，是一块约15cm高的半透明晶体，呈现不规则的八面体结构，表面散发微弱的蓝紫色光芒，能够与接触者的情绪状态产生共鸣，在特定条件下可引发局部现实扭曲。	{认知共鸣效应,现实扭曲现象,精神污染风险}	{"dataSource": "实验室团队直接观测数据", "leadPerson": "林博士", "objectives": [{"code": "T-1", "objective": "测定TMS-O0442-01的基础物理特性", "expectedResult": "获得准确的物理参数数据"}, {"code": "T-2", "objective": "评估认知共鸣效应的触发条件", "expectedResult": "确定安全接触协议"}, {"code": "T-3", "objective": "验证现实扭曲现象的范围与强度", "expectedResult": "建立有效的隔离措施"}, {"code": "T-4", "objective": "勘探潜在的实用价值", "expectedResult": "评估是否可用于组织任务"}], "conclusions": [{"finding": "物理特性", "description": "O-442-RES具有异常的物理属性，但整体稳定"}, {"finding": "认知效应", "description": "能够放大接触者的情绪状态，存在认知危害风险"}, {"finding": "现实扭曲", "description": "在特定条件下可引发局部现实异常，但范围有限"}, {"finding": "实用价值", "description": "潜在的情绪调节和现实操作应用，但风险较高"}], "environment": [{"parameter": "实验室", "specification": "3级隔离实验室 (Lab-C3)"}, {"parameter": "防护措施", "specification": "电磁屏蔽、认知过滤器、现实锚定装置"}, {"parameter": "监控设备", "specification": "全频谱摄像、脑电图监测、现实稳定性检测器"}, {"parameter": "安全协议", "specification": "2人操作制、紧急撤离程序、心理支援待命"}], "safetyLevel": "3级隔离实验室", "testResults": [{"item": "质量", "anomalyLevel": "密度异常高", "measuredValue": "2.847 kg", "standardValue": "N/A"}, {"item": "硬度", "anomalyLevel": "轻微异常", "measuredValue": "莫氏硬度 8.5", "standardValue": "石英: 7"}, {"item": "温度", "anomalyLevel": "持续低温", "measuredValue": "18.3°C", "standardValue": "室温: 22°C"}, {"item": "电导率", "anomalyLevel": "异常导电", "measuredValue": "0.001 S/m", "standardValue": "石英: <10⁻¹⁸"}, {"item": "磁化率", "anomalyLevel": "轻微异常", "measuredValue": "-2.3×10⁻⁵", "standardValue": "石英: -1.5×10⁻⁵"}], "contentScope": "物品特性测试、认知影响评估、安全协议验证", "observations": [{"note": "水晶表面光芒强度随实验员情绪波动而变化", "time": "09:15"}, {"note": "接触测试时，林博士报告\\"听到微弱的音乐声\\"", "time": "10:30"}, {"note": "电磁测试期间，实验室内温度下降2°C", "time": "11:45"}, {"note": "实验员在极度专注状态下接触O-442-RES，水晶开始发出强烈白光，现实稳定性检测器读数下降至85%", "time": "10:30"}, {"note": "实验室内出现轻微的空间扭曲，部分仪器显示读数异常，实验员报告\\"看到了不存在的门\\"", "time": "11:15"}, {"note": "现实稳定性降至70%，触发安全协议，立即中断接触，启动现实锚定装置，15分钟后环境恢复正常", "time": "12:00"}], "experimentDate": "[数据删除]", "experimentLead": "林博士", "experimentType": "受控环境测试", "leadDepartment": "档案与研究部 (DRA) - 实验室团队", "riskAssessments": [{"riskType": "认知污染", "mitigation": "限制接触时间、心理监控", "probability": "高", "threatLevel": "中等", "potentialConsequence": "情绪失控、判断力受损"}, {"riskType": "现实扭曲", "mitigation": "现实锚定装置、紧急协议", "probability": "中等", "threatLevel": "高", "potentialConsequence": "空间异常、设备故障"}, {"riskType": "精神创伤", "mitigation": "医疗支援、定期评估", "probability": "低", "threatLevel": "中等", "potentialConsequence": "PTSD、认知障碍"}, {"riskType": "物理伤害", "mitigation": "标准防护设备", "probability": "低", "threatLevel": "低", "potentialConsequence": "轻微外伤"}], "experimentRounds": [{"round": "R-1", "distance": "直接接触", "intensity": "低", "inducedEmotion": "平静", "observedEffect": "轻微放松感，心率下降", "contactDuration": "30秒"}, {"round": "R-2", "distance": "直接接触", "intensity": "中等", "inducedEmotion": "焦虑", "observedEffect": "水晶发出红光，实验员报告恐惧感加剧", "contactDuration": "30秒"}, {"round": "R-3", "distance": "直接接触", "intensity": "高", "inducedEmotion": "愤怒", "observedEffect": "水晶剧烈振动，实验员头痛", "contactDuration": "15秒"}, {"round": "R-4", "distance": "直接接触", "intensity": "中等", "inducedEmotion": "悲伤", "observedEffect": "水晶变暗，实验员流泪", "contactDuration": "45秒"}, {"round": "R-5", "distance": "直接接触", "intensity": "中等", "inducedEmotion": "喜悦", "observedEffect": "水晶发出金光，实验员报告欣快感", "contactDuration": "60秒"}, {"round": "R-6", "distance": "2米", "intensity": "无", "inducedEmotion": "平静", "observedEffect": "无明显效应", "contactDuration": "N/A"}], "sourceDepartment": "档案与研究部 (DRA) - 实验室团队", "experimentPurpose": "评估O-442-RES的实用性与潜在危险", "objectDescription": "共鸣水晶(TMS-O0442-01)是一块约15cm高的半透明晶体，呈现不规则的八面体结构。表面散发微弱的蓝紫色光芒，触摸时会产生轻微的振动感。该物品由勘探队\\"Beta\\"从回音殿堂(TMS-O0442)中回收。", "safetyRequirements": ["任何与O-442-RES的接触必须在3级或以上实验室进行", "接触时间不得超过60秒", "实验员必须通过心理稳定性评估", "现实锚定装置必须保持运行状态"], "followUpSuggestions": [{"type": "研究方向", "content": "勘探情绪调节的治疗应用", "priority": "中等"}, {"type": "安全协议", "content": "制定标准化接触程序", "priority": "高"}, {"type": "人员培训", "content": "加强实验员心理抗性训练", "priority": "高"}, {"type": "设备升级", "content": "改进现实稳定性监测系统", "priority": "中等"}], "recommendedMeasures": ["实验前进行冥想或放松训练", "配备情绪调节药物", "建立实验员轮换制度", "定期校准检测设备"], "knownCharacteristics": ["能够与接触者的情绪状态产生共鸣", "在特定条件下可引发局部现实扭曲", "对电磁场具有异常敏感性"], "responsibleDepartment": "档案与研究部 (DRA) - 实验室团队", "threatLevelAssessment": "建议维持威胁等级：黄色-CP (条件危险，认知污染)"}	陈维华博士	通过	实验数据完整，建议定期复查安全协议的有效性。共鸣水晶实验成功评估了O-442-RES的基本特性和潜在风险，确认其具有可控的认知共鸣和现实扭曲能力。	\N	2026-05-28 09:35:57.191	\N	\N		f	\N	\N
17	EVT-O2847-COM	事件通信	否定之人深度访谈记录合集	活跃	\N	\N	\N	2	2	72	2026-06-02 09:36:31.063	5级	本通信记录整理了与否定之人(TMS-O2847)进行的深度访谈内容。访谈在实体主动寻求收容期间进行，旨在了解其异常能力、心理状态及潜在威胁。记录包含实体对自身能力的详细描述、能力发现过程、限制条件以及相关理论分析，为制定收容协议和威胁评估提供关键依据。	{访谈内容涉及存在性否定能力的详细机制,实体承认存在无法控制思维的可能性,理论上具备文明终结级威胁能力}	{"channel": "面对面访谈（收容室内）", "entries": [{"note": "建立信任关系", "party": "访谈专员", "content": "您好，今天的状态如何？", "timestamp": "[00:00]"}, {"note": "表现配合", "party": "TMS-O2847", "content": "还行吧，最近在写点东西打发时间。今天又要聊什么？", "timestamp": "[00:15]"}, {"note": "正式访谈声明", "party": "访谈专员", "content": "今天我们进行一次深度访谈，这次谈话将作为重要参考资料记录在案。希望您能如实回答。", "timestamp": "[00:45]"}, {"note": "主动配合态度", "party": "TMS-O2847", "content": "行，看得出来你们这次准备挺充分的，问吧，我能说的都会说。", "timestamp": "[01:05]"}, {"note": "核心问题引入", "party": "访谈专员", "content": "感谢您的配合。我想请您详细描述一下最初发现自己具备这种异常能力的过程，包括当时的具体情况和您的感受。", "timestamp": "[01:25]"}, {"note": "背景描述", "party": "TMS-O2847", "content": "这事儿挺久了，虽然回忆起来不太愉快，但都过去了，说说也没什么。你懂的，小孩子嘛，总有段时间特别叛逆，那会儿我就是这样，特别严重，就希望他们别管我，觉得自己能搞定一切，他们越管我，我就越觉得他们做什么都是错的，完全接受不了。", "timestamp": "[02:15]"}, {"note": "首次能力表现", "party": "TMS-O2847", "content": "这种想法越来越强烈，我甚至觉得没有他们我也能过得很好，然后，我父母就不见了。我知道这听起来很奇怪，但就是这样，一开始我没把这事跟自己联系起来，甚至还有点开心，以为他们是受不了我这么叛逆，故意让我体验一下没父母的日子，他们自己去过二人世界了。", "timestamp": "[04:25]"}, {"note": "记忆抹除效应发现", "party": "TMS-O2847", "content": "但随着时间一天天过去，我觉得事情可能不是我想的那样，他们怎么走了这么久？不会是不要我了吧？我脑子里一直冒出这些想法，所以就去找我爷爷奶奶，想问问他们知不知道我爸妈去哪了，结果他们居然跟我说从来没生过孩子，说我说的那个父亲根本不存在。", "timestamp": "[06:45]"}, {"note": "能力确认过程", "party": "TMS-O2847", "content": "你想想，我就站在他们面前，没有父母怎么会有我？但他们完全不在意，好像我的存在就是理所当然的，不需要父母也能成立。我当时特别生气，不明白我爷爷奶奶为什么要这样，太可怕了，我觉得相比之下他们才不应该存在...你应该能猜到发生了什么，我就是这样发现自己有这种能力的。", "timestamp": "[08:35]"}, {"note": "道德评估", "party": "访谈专员", "content": "很抱歉让您回忆这些痛苦的经历。虽然我理解这并非您的本意，但客观上这些事件确实与您的能力相关。我无意进行道德评判，只是想说明您的能力确实可能带来严重的后果。", "timestamp": "[10:15]"}, {"note": "收容动机说明", "party": "TMS-O2847", "content": "没错，这就是我来这里的原因，算是赎罪吧。我知道自己的能力太不可思议了，虽然现在已经学会控制自己的想法，但万一哪天控制不住呢？我希望到时候有人能帮我，别让我做出什么蠢事，毕竟得为自己做的事负责。", "timestamp": "[11:25]"}, {"note": "收容过程简述", "party": "TMS-O2847", "content": "顺便说一下，免得你们等会问，我是自己来的，算是某种\\"自首\\"吧，但具体我是怎么来的，边际结构为什么愿意收我，这涉及到一些事情，我就不多说了。", "timestamp": "[12:45]"}, {"note": "理论分析引导", "party": "访谈专员", "content": "我理解，您愿意承担责任的态度令人敬佩，这确实需要很大的勇气。让我们继续讨论您的能力。您刚才提到这种能力很不可思议，那么基于您目前的了解，能否对这种能力的机制做出一些解释？", "timestamp": "[13:35]"}, {"note": "能力理论框架", "party": "TMS-O2847", "content": "其实人的各种能力都是有上限的，就像游戏里的属性值一样，每个人的数值都不一样，有的高有的低，放到现实里就是有人跑得快，有人跳得高，有人数学特别厉害，有人很会演讲，这些都是例子。", "timestamp": "[14:55]"}, {"note": "能力等级说明", "party": "TMS-O2847", "content": "但这些只是很常见的一小部分，人的能力分类其实超级详细，你能想到的想不到的都有，在\\"否认存在\\"这个分类里，满级的就是我。", "timestamp": "[16:45]"}, {"note": "能力来源未知", "party": "TMS-O2847", "content": "至于为什么是我，估计只有上帝知道了。这样说你能理解吗？", "timestamp": "[18:05]"}, {"note": "限制条件询问", "party": "访谈专员", "content": "这确实令人震撼。如果我理解正确的话，既然您认为自己是这种能力的最终形态，那么这种能力是否存在限制？换句话说，您的能力是否对所有事物都有效？", "timestamp": "[18:25]"}, {"note": "信仰免疫机制", "party": "TMS-O2847", "content": "可以这么说，但也有例外，比如宗教信仰。不是我能力不够，也不是说有人比我厉害就能否定信仰，不是这样的，可能没信仰的人不太好理解，但信仰这东西就是没法否定的。", "timestamp": "[19:15]"}, {"note": "能力限制详述", "party": "TMS-O2847", "content": "再举个例子，比如\\"爱\\"，我没法否定爱这个概念的存在，但我可以否定具体两个人之间的爱，可信仰连这都做不到。除了这些，其他的都管用，就算没法从大的概念上否定，也能从具体的层面否定。", "timestamp": "[20:45]"}, {"note": "澄清请求", "party": "访谈专员", "content": "我想确认一下我的理解：您是说可以否定具体的爱情关系，但无法否定\\"爱\\"这个概念本身？这种区别是如何运作的？", "timestamp": "[21:55]"}, {"note": "抽象概念处理", "party": "TMS-O2847", "content": "善良、纯洁、爱情、邪恶这些，都是固有属性，它们的存在我没法否认，但具体到某个人的善良、邪恶什么的我可以否认，不过时间长了它们可能会重新出现在个体身上。", "timestamp": "[22:35]"}, {"note": "自我否定悖论", "party": "TMS-O2847", "content": "还有一个特殊情况，就是我没法否定我自己的存在，这个很好理解，如果我否定了自己的存在，那我就不存在了，那谁来否定呢？这是个悖论。", "timestamp": "[23:15]"}, {"note": "时间与知识否定", "party": "TMS-O2847", "content": "还有像时间、学科、艺术这些，都是发展过程中必然出现的，我没法彻底否认它们，但具体到某段时间、某门学科、某种艺术我是可以否认的，至少我试验过的那门学科到现在都没再出现过，不过否认这些东西没什么好结果。", "timestamp": "[24:15]"}, {"note": "道德约束表现", "party": "TMS-O2847", "content": "所以我不会再去否认这些了，被我否定掉的那门学科对人类挺有用的，可我对它几乎一无所知，没法重新教给别人，真的很抱歉。不过，否认一场数学考试还是没问题的，不会造成什么影响。", "timestamp": "[25:55]"}, {"note": "质疑能力等级", "party": "访谈专员", "content": "从您的描述来看，这种能力似乎受到相当多的限制。您说自己是这方面的最终值，但这个说法是否...过于绝对了？按照常理，最终值不应该是不受任何限制的吗？", "timestamp": "[26:45]"}, {"note": "终极威胁暗示", "party": "TMS-O2847", "content": "哈哈，我就知道你会这么问，按我刚才说的确实好像限制挺多的，但别忘了，我刚才说的这些东西，它们的产生都是有源头的，不管是时间也好，学科也好，艺术也好，都是在人类这个群体中产生的概念，要是人类不存在了呢？", "timestamp": "[28:15]"}, {"note": "威胁缓解", "party": "TMS-O2847", "content": "哈哈，别紧张，我就是随便说说，没真的这么想过。", "timestamp": "[29:25]"}, {"note": "时间否定询问", "party": "访谈专员", "content": "如果真的那样做，您自己也会消失，我相信您不会选择这条路。不过我必须承认，您的某些能力确实令人印象深刻。您刚才提到可以否定\\"一段时间\\"，请问您是否已经实际尝试过这种操作？", "timestamp": "[29:55]"}, {"note": "时间否定实例", "party": "TMS-O2847", "content": "嗯...这个我不否认，确实试过，但我保证只有15分钟，当时刚点了外卖，实在太饿了，就想耍个小聪明，结果发现没用，因为这不是快进15分钟，而是直接删掉了15分钟。", "timestamp": "[31:25]"}, {"note": "时间否定后果", "party": "TMS-O2847", "content": "除了我，没人会觉得少了15分钟，所以我以后再也没否认过时间了。", "timestamp": "[32:35]"}, {"note": "时间线确认", "party": "访谈专员", "content": "您的意思是，我们现在所处的时间线实际上缺失了15分钟？也就是说，正常情况下现在应该是再加上15分钟后的时间点？", "timestamp": "[33:05]"}, {"note": "时间否定影响评估", "party": "TMS-O2847", "content": "对，就是这样，你也看出来了，这对我们的正常生活没什么影响，跟平时一样，谁都没感觉到异常对吧？", "timestamp": "[33:45]"}, {"note": "震惊反应", "party": "访谈专员", "content": "这种现象确实超出了我们的认知范围，令人难以置信。", "timestamp": "[34:15]"}, {"note": "核心质疑", "party": "访谈专员", "content": "最后一个关键问题：既然只有您保留着被否定事物的记忆，那么您如何确定人类真的会因为您的一个念头而消失？您对自己是最终值这一点如此确信的依据是什么？", "timestamp": "[35:15]"}, {"note": "证据质疑", "party": "访谈专员", "content": "您现在坐在我面前，说明您并没有真正尝试过那种极端行为。而且，您所描述的一切都缺乏第三方证据支持。坦率地说，从科学角度来看，这些更像是无法验证的叙述。当然，既然边际结构决定收容您，必然有其考量，但这超出了我的职权范围。", "timestamp": "[36:45]"}, {"note": "记忆传承说明", "party": "TMS-O2847", "content": "首先，关于否定人类这事，我确实没亲自试过，但我有这方面的记忆，当我发现自己有这种能力的时候，很多原本不属于我的记忆也一起出现在我脑子里了。", "timestamp": "[38:25]"}, {"note": "载体理论阐述", "party": "TMS-O2847", "content": "我现在觉得自己可能不算是一个完整的人，更像是这种能力在当前时空的载体，这样说来，我刚才的话确实不够严谨，我本人不是最终值，我只是最终值的载体，是之前所有有这种能力的生命体的集合。", "timestamp": "[40:15]"}, {"note": "证明能力声明", "party": "TMS-O2847", "content": "我知道，在你们听来我说的这些都像故事一样，没法证实，但其实，我是有办法证明的...", "timestamp": "[41:35]"}, {"note": "证明方式询问", "party": "访谈专员", "content": "您提到可以证明，具体是通过什么方式？请原谅我的直接，但这对我们的评估很重要。", "timestamp": "[42:05]"}, {"note": "恢复机制说明", "party": "TMS-O2847", "content": "有一点我说得不太准确，我之前说被否定的东西不会再出现，其实不是这样，如果有特定的契机，它们是可以重新出现的。就像我否定的那门学科，之所以到现在还没出现，是因为它是我们这个时空的产物，但我自己不了解它，没办法重新教给你们，你懂我意思吗？", "timestamp": "[43:15]"}, {"note": "证明方案提出", "party": "TMS-O2847", "content": "而那些本来不属于我的记忆里，有些东西在我们这个时空是可以重现的。你们要是有能力把它们重现出来，不就能证明我说的话了吗。", "timestamp": "[44:55]"}, {"note": "证明请求", "party": "访谈专员", "content": "如果真是如此，那将对我们的研究具有重大意义。请您详细说明您所了解的相关信息。", "timestamp": "[45:35]"}, {"note": "信息整理承诺", "party": "TMS-O2847", "content": "好，我会把我知道的告诉你们，但我需要点时间整理，因为这些记忆对我来说也很混乱，我得从中筛选出对你们有用的信息。", "timestamp": "[46:15]"}, {"note": "收容决定", "party": "档案记录", "content": "虽然TMS-O2847态度友好，但鉴于其异常性质的特殊性，以及其本人承认存在无法克制自己思想的可能性，因此在详细说明收容程序并征得其本人完全同意后，组织决定立即采取一切可行措施使其肉体永远沉睡，并剥夺其意识以确保安全。", "timestamp": "[备注]"}, {"note": "收容程序执行", "party": "档案记录", "content": "实体在充分了解收容程序的全部细节后表示理解并同意，认为这是对人类文明负责的必要措施。收容程序严格按照既定方案执行，未发生任何意外情况。", "timestamp": "[备注]"}], "purpose": "评估异常能力、了解心理状态、制定收容策略", "analysis": [{"item": "实体配合度", "conclusion": "极高，主动提供详细信息，表现出强烈的赎罪意识"}, {"item": "威胁评估", "conclusion": "确认为文明终结级威胁，具备否定人类文明的理论能力"}, {"item": "能力限制", "conclusion": "存在部分限制（信仰、抽象概念），但不影响核心威胁"}, {"item": "心理状态", "conclusion": "稳定但承认存在失控可能，具备强烈道德约束"}, {"item": "收容必要性", "conclusion": "极高，必须采取永久性收容措施"}], "keyEvents": [{"code": "INT-001", "impact": "获得详细能力信息", "response": "深度访谈继续", "description": "实体主动配合访谈"}, {"code": "INT-002", "impact": "确认存在性否定能力", "response": "威胁等级评估", "description": "能力机制详细说明"}, {"code": "INT-003", "impact": "确认时间线已被修改", "response": "时间异常记录", "description": "时间否定实例披露"}, {"code": "INT-004", "impact": "理解能力传承机制", "response": "理论研究启动", "description": "载体理论阐述"}, {"code": "INT-005", "impact": "获得验证可能性", "response": "收容决定制定", "description": "证明方案提出"}], "appendices": [{"code": "EVT-O2847-COM-A1", "content": "原始访谈音频记录（已销毁）"}, {"code": "EVT-O2847-COM-A2", "content": "访谈专员心理评估报告"}, {"code": "EVT-O2847-COM-A3", "content": "实体提及的\\"记忆传承\\"理论分析"}], "leadPerson": "维克多·科瓦列夫博士", "mainParties": "档案与研究部访谈专员、否定之人(TMS-O2847)", "sourceDepartment": "档案与研究部", "communicationTime": "[数据删除]", "communicationType": "深度心理访谈、能力评估访谈", "suggestedMeasures": [{"type": "收容协议", "measures": "立即实施永久无意识状态维持"}, {"type": "监控要求", "measures": "24小时生命体征监控，禁止任何唤醒尝试"}, {"type": "研究限制", "measures": "严禁进行能力测试，禁止与实体进行任何交流"}, {"type": "访问控制", "measures": "限制为5级权限，最小化接触人员"}, {"type": "理论研究", "measures": "基于访谈内容进行理论分析，但禁止实证验证"}], "responsibleDepartment": "档案与研究部"}	伊利亚·彼得连科总指挥	通过	本访谈记录为制定TMS-O2847收容协议的关键依据，严禁用于任何可能导致实体觉醒的研究活动。—— 陈维华	\N	2026-05-28 09:35:57.179	\N	\N		f	\N	\N
11	EXP-L0234	勘探记录	勘探队"伽马"(Gamma)对"明知山"(TMS-L0234)首次勘探日志	活跃	\N	\N	\N	3	3	59	2026-06-02 13:21:22.713	4级	本次勘探任务由勘探队"伽马"执行，对认知型阈界明知山(TMS-L0234)进行了为期90分钟的系统性勘探。任务成功确认了该阈界的核心威胁机制：通过20-30Hz低频低语传播"不可知知识"，导致进入者认知过载和强迫行为。勘探过程中发现地形变化与队员情绪状态密切相关，核心区域"知识之巅"呈现非欧几里得空间特性。队员杰克·布朗出现轻度认知污染，经紧急治疗后恢复。	{"认知危害：暴露于\\"不可知知识\\"导致记忆紊乱、认知锁定或人格解体",环境危害：动态地形和非欧几里得空间导致迷失风险,模因感染：低语效应可能通过记录传播，需严格信息管控}	{"team": "伽马", "lessons": ["认知危害机制：低语为模因传播载体，内容超出人类认知极限，触发强迫行为。需进一步分析音频以揭示信息实体本质。", "地形同化效应：地形变化与队员情绪相关，建议情绪稳定训练。Mk-IV认知屏障对低强度危害有效，但在知识之巅附近失效。"], "analysis": {"completionRate": "85% - 成功获得核心数据，确认威胁机制", "personnelStatus": "全员安全撤离，布朗需短期心理监控", "dataRecoveryRate": "[数据删除]", "theoreticalResearch": "地形同化效应增加了物理风险", "coreMechanismConfirmed": "低语效应作为主要威胁载体，通过模因传播触发认知过载"}, "timeline": [{"note": "低频低语(20Hz)，地形动态变化", "event": "通过废弃哨所进入，初始地形为陡峭山路", "phase": "进入与外围勘探", "status": "低", "timestamp": "09:00-09:15"}, {"note": "杰克·布朗报告幻听，脑电波异常", "event": "地形变化加剧，路径随情绪波动重塑", "phase": "中层区域勘探", "status": "中", "timestamp": "09:15-09:30"}, {"note": "非欧几里得空间，时间感紊乱", "event": "发现悬浮发光结构，电磁干扰加剧", "phase": "接近知识之巅", "status": "高", "timestamp": "09:30-10:00"}, {"note": "布朗强迫性书写，认知净化治疗", "event": "依靠目视导航返回连接点", "phase": "紧急撤离", "status": "中", "timestamp": "10:00-10:30"}], "equipment": [{"name": "标准勘探装备包：C级防护服、氧气供应器、定位信标"}, {"name": "Mk-IV认知屏障设备：抑制模因感染，实时监测脑电波"}, {"name": "加密录音设备：记录低语音频，需档案员审查"}, {"name": "生物计量传感器：监测心率、脑电波和压力水平"}], "leadPerson": "米拉·陈", "teamLeader": "米拉·陈", "discoveries": [{"type": "低语效应", "description": "频率20-30Hz，内容为抽象数学和哲学命题", "threatLevel": "琥珀色-C"}, {"type": "地形同化", "description": "路径随情绪波动重塑，呈现无限循环特性", "threatLevel": "黄色-P"}, {"type": "空间扭曲", "description": "非欧几里得空间，距离和方向不可测", "threatLevel": "琥珀色-C"}, {"type": "认知污染", "description": "暴露30分钟后心率升高，脑电波异常", "threatLevel": "琥珀色-C"}], "missionCode": "回音探勘 (Echo Survey)", "teamMembers": [{"name": "米拉·陈", "role": "队长", "field": "勘探领导", "clearance": "3级"}, {"name": "艾萨克·韦伯", "role": "技术专家", "field": "技术分析", "clearance": "3级"}, {"name": "戴维·卡特博士", "role": "医疗与心理部副部长", "field": "医疗与心理评估", "clearance": "3级"}, {"name": "杰克·布朗", "role": "队员", "field": "勘探", "clearance": "3级"}], "missionStatus": "已完成", "explorationDate": "[数据删除]", "followUpActions": ["对杰克·布朗进行为期两周的认知状态监控", "计划由\\"堡垒\\"领队进行二次勘探，深入知识之巅，回收样本", "部署远程探测无人机，减少人员直接暴露", "加强全球范围内低语相关信息的监控和销毁"], "missionOverview": "本日志记录了勘探队\\"伽马\\"对认知型阈界明知山(TMS-L0234)的首次系统性勘探，详细展示了其认知危害机制、地形变化规律和模因传播特性，是评估威胁等级和制定应对协议的关键数据。", "targetThreshold": "明知山(TMS-L0234)", "sourceDepartment": "外勤行动部", "responsibleDepartment": "外勤行动部", "safetyRecommendations": [{"type": "设备升级", "measures": "研发Mk-V认知屏障，增强对高强度模因的抵抗力"}, {"type": "时间限制", "measures": "暴露时间不得超过20分钟，需配备双重认知屏障设备"}, {"type": "信息管控", "measures": "所有低语记录需加密存储，禁止直接转录或传播"}, {"type": "人员训练", "measures": "进入者需通过情绪稳定测试和冥想训练"}]}	戴维·卡特博士	通过	杰克·布朗的轻度认知污染症状在72小时后完全消失，但建议长期跟踪监控。低语音频数据需进一步分析，可能揭示信息实体本质。	\N	2026-05-28 09:35:57.114	\N	\N		f	\N	\N
25	PRT-0004	协议手册	档案管理规范	活跃	\N	\N	2025-09-03 16:00:00	2	2	53	2026-06-02 16:29:28.499	3级	本文件规定了边际结构内部档案管理的全面规范	{}	{"scope": "全组织档案管理", "version": "1.0", "sections": [{"title": "总则", "content": "1. 所有阈界相关文档必须建档管理\\n2. 档案编码遵循《档案编码规则》（PRT-0001）\\n3. 档案分类遵循《阈界分类标准》（PRT-0005）\\n4. 档案变更必须记录变更历史\\n5. 档案访问必须记录访问日志"}, {"title": "档案生命周期", "content": "• 创建：由相关部门创建档案，填写完整信息\\n• 审核：由档案与研究部审核档案完整性和准确性\\n• 发布：审核通过后正式入库\\n• 更新：定期复查更新，记录变更历史\\n• 封存：不再活跃的档案标记为封存状态\\n• 销毁：根据保密等级和保存期限决定"}, {"title": "访问控制", "content": "• 1级：公开信息，所有人员可访问\\n• 2级：内部信息，正式成员可访问\\n• 3级：机密信息，需要部门负责人授权\\n• 4级：高度机密，需要总指挥授权\\n• 5级：绝密信息，仅授权人员可访问"}, {"title": "备份与恢复", "content": "• 所有档案必须每日备份\\n• 备份数据存储在异地安全设施\\n• 每季度进行一次恢复演练\\n• 恢复时间目标（RTO）：4小时\\n• 恢复点目标（RPO）：24小时"}], "leadPerson": "安雅·夏尔马 / 首席档案员", "effectiveDate": "2025年9月4日", "sourceDepartment": "档案与研究部", "responsibleDepartment": "档案与研究部"}	伊利亚·彼得连科 总指挥 | 2025年9月4日	通过	本文件整合《档案编码规则》和《阈界分类标准》	\N	2026-05-28 09:35:57.245	\N	\N		f	\N	\N
16	EVT-P0990-INC	事件报告	第73区大规模慢性失眠集群事件报告	活跃	\N	\N	\N	3	5	73	2026-06-02 09:36:30.432	4级	本报告详细记录了由永夜钟楼(TMS-V0990)模因性渗透引发的大规模公共卫生事件。内容包括事件时间线、响应措施、当前状态及初步勘探数据。该事件揭示了此类认知危害通过剥夺基本生理需求进行扩散的独特模式，需持续监控与跨部门协作应对。	{模因感染,意识剥夺,存在性危害}	{"events": [{"time": "T-6个月", "response": "启动低优先级监控", "description": "监控网络检测到73区背景\\"认知静默率\\"异常下降0.1%", "threatLevel": "白色异常"}, {"time": "T-4个月", "response": "持续监控", "description": "首次接收到民间医疗系统关于不明原因失眠的报告", "threatLevel": "白色异常"}, {"time": "T-2个月", "response": "威胁等级提升", "description": "病例数呈指数增长。多名患者描述看到\\"不存在的钟楼\\"并听到钟声", "threatLevel": "黄色"}, {"time": "T-1个月", "response": "事件等级提升，全面响应", "description": "边际结构医疗与心理部介入，戴维·卡特博士团队确认模因感染模式", "threatLevel": "琥珀色"}, {"time": "T-现在", "response": "多部门协作应对", "description": "持续响应与管控中", "threatLevel": "琥珀色-C"}], "appendices": [{"code": "EVT-P0990-INC-Appendix.1", "title": "患者访谈记录摘选（三期患者）", "description": "详细记录三期患者的访谈内容和症状表现"}, {"code": "EVT-P0990-INC-Appendix.2", "title": "\\"夜莺\\"无人机勘探数据摘要", "description": "远程勘探V-990-INC内部环境的详细数据"}, {"code": "MED-P0990", "title": "关于V-990-INC (\\"永夜钟楼\\") 模因感染现象的心理危害评估报告", "description": "医疗与心理部的专业评估报告"}], "leadPerson": "第73区事件响应小组", "currentStatus": [{"indicator": "事件控制", "assessment": "处于持续监控和管控下"}, {"indicator": "睡眠时长趋势", "assessment": "区域平均睡眠时长下降趋势已减缓，但未停止"}, {"indicator": "渗透性质", "assessment": "TMS-V0990的渗透表现为一种低强度、持续性的存在性危害"}, {"indicator": "解决方案", "assessment": "彻底解决方案仍在研究中"}], "confirmedCause": "永夜钟楼(TMS-V0990)的模因性渗透事件", "incidentNature": "第73区发生大规模、指数级增长的慢性失眠症集群病例", "responseMeasures": [{"action": "启动\\"白噪音协议\\"。在所有受影响区域实施媒体管制，播撒反模因信息，强化\\"睡眠是安全和自然\\"的认知", "status": "进行中", "department": "联络与掩盖部门", "measureType": "信息管控"}, {"action": "向高风险区域居民配发型号为\\"BP-7\\"的屏蔽睡眠眼罩和\\"WN-4\\"白噪音发生器", "status": "进行中", "department": "后勤与架构部", "measureType": "感知阻断"}, {"action": "建立专门隔离医疗设施\\"摇篮\\"。所有感染者按阶段进行分级隔离和治疗。三期患者（\\"结晶化\\"）转入永久性封闭监护", "status": "进行中", "department": "医疗与心理部", "measureType": "医疗干预"}, {"action": "通过远程无人机（代号：夜莺）对连接点进行勘探，确认V-990-INC内部环境特性", "status": "已完成", "department": "档案与研究部", "measureType": "威胁评估"}, {"action": "对已识别的感知连接点（患者███的公寓窗口）施加认知屏蔽封印，降级其活性。持续监控区域渗透水平", "status": "进行中", "department": "架构师/锁匠", "measureType": "连接点管理"}], "sourceDepartment": "瞭望塔监控网络 / 第73区事件响应小组", "threatAssessment": "对公众健康及现实稳定性构成严重威胁", "responsibleDepartment": "瞭望塔监控网络 / 第73区事件响应小组", "transmissionMechanism": "通过感知认知渠道传播，持续掠夺受影响区域的\\"睡眠可能性\\"", "symptomCharacteristics": "症状高度一致，且对常规治疗无效"}	审阅批准	已审阅	建议持续监控第73区睡眠质量指标，并加强对TMS-V0990的长期观察研究。		2026-05-28 09:35:57.162	\N			f	\N	\N
29	HR-40002	人事档案	戴维·卡特博士	活跃	\N	\N	\N	4	4	69	2026-06-02 14:04:09.287	3级	本档案为戴维·卡特博士的履历材料，记录了其个人基本信息、教育背景、工作经历、专业技能等核心信息。档案为人事管理、职务调整、绩效评估等提供依据。	{个人隐私保护，涉及心理评估相关信息需严格控制访问}	{"skills": ["心理评估", "认知行为疗法", "创伤心理学", "阈界认知危害评估"], "education": {"background": "博士学位，临床心理学专业，[数据删除]大学，[数据删除]年"}, "leadPerson": "戴维·卡特博士", "evaluations": [{"result": "优秀", "dimension": "工作能力", "suggestion": "可承担更多复杂案例评估", "performance": "心理评估专业能力强，对认知危害有深入理解"}, {"result": "良好", "dimension": "工作态度", "suggestion": "保持现有水平", "performance": "认真负责，对患者关怀备至"}, {"result": "良好", "dimension": "团队协作", "suggestion": "可发挥更多指导作用", "performance": "与医疗团队配合默契"}], "specialNotes": [{"note": "任务限制", "detail": "暂缓安排进入琥珀色-C级或更高的认知危害阈界", "validPeriod": "至少三个月"}, {"note": "定期检查", "detail": "每月进行一次强制性心理复查", "validPeriod": "持续半年"}, {"note": "风险规避", "detail": "对涉及\\"无序\\"、\\"堆积\\"要素的阈界表现出谨慎态度", "validPeriod": "长期观察"}], "accessRecords": [{"time": "[数据删除]", "purpose": "心理评估后续跟踪", "accessor": "埃莉诺·肖博士", "authorizer": "系统自动授权"}, {"time": "[数据删除]", "purpose": "人事状况审查", "accessor": "伊利亚·彼得连科总指挥", "authorizer": "系统自动授权"}], "personnelInfo": {"id": "DCarter", "code": "4000-32-0348", "name": "戴维·卡特博士 (David Carter)", "hireDate": "[数据删除]", "position": "医疗与心理部副部长", "department": "医疗与心理部", "lastUpdate": "[数据删除]", "archiveDate": "[数据删除]"}, "archiveChanges": [{"time": "[数据删除]", "reason": "重要事件记录", "content": "添加L734-LND事件相关记录", "operator": "安雅·夏尔马"}, {"time": "[数据删除]", "reason": "心理评估结果", "content": "更新工作状态和限制条件", "operator": "安雅·夏尔马"}], "qualifications": ["临床心理学家执业资格", "认知危害抵抗评估师认证"], "workExperience": [{"period": "[数据删除]年-至今", "position": "医疗与心理部副部长", "organization": "边际结构医疗与心理部"}], "trainingRecords": [{"time": "[数据删除]", "effect": "考核优秀", "content": "阈界认知危害防护培训", "participation": "全程参与"}, {"time": "[数据删除]", "effect": "考核良好", "content": "创伤后应激障碍治疗进阶培训", "participation": "全程参与"}], "sourceDepartment": "医疗与心理部", "careerSuggestions": [{"time": "[数据删除]", "direction": "专业提升", "suggestion": "参加高级认知危害治疗培训", "expectedEffect": "提升专业技能"}, {"time": "[数据删除]", "direction": "职务发展", "suggestion": "继续发挥副部长职责，考虑承担更多部门管理工作", "expectedEffect": "提升部门管理效率"}], "performanceRecords": [{"time": "[数据删除]", "recorder": "埃莉诺·肖博士", "workItem": "L734-LND勘探任务心理支持", "evaluation": "专业表现优秀，但遭受认知污染"}, {"time": "[数据删除]", "recorder": "埃莉诺·肖博士", "workItem": "常规心理评估工作", "evaluation": "工作认真负责，评估准确"}], "responsibleDepartment": "医疗与心理部"}	伊利亚·彼得连科总指挥 | [数据删除]	通过	卡特博士是医疗与心理部的资深专家，在L734-LND事件中展现了专业精神，但也提醒我们即使是经验丰富的专家也可能受到认知危害影响。其康复过程为组织积累了宝贵经验。 —— 安雅·夏尔马		2026-05-28 09:35:57.274	\N			f	\N	\N
153	EXP-L0567	勘探记录	勘探队"伽马"对"一神坠入"(TMS-L0567)首次勘探日志	归档	红色-O	红色	\N	3	2	59	2026-06-02 09:36:30.17	5级	本日志记录了勘探队"伽马"对一神坠入(TMS-L0567)的首次勘探行动。任务中队员萨拉·威尔逊遭受严重宗教创伤，出现"遗言接收"症状，导致心理结构发生永久性改变。	{宗教创伤,认知污染,堕落迷恋症候群}	{"team": "伽马队", "lessons": ["神明坠落的心理影响远超预期，暴露者的宗教创伤具有感染性", "视觉接触是主要触发机制，光学干扰可有效阻断", "遗言接收是最危险的阶段，一旦出现必须立即撤离"], "analysis": {"completionRate": "95%", "personnelStatus": "萨拉·威尔逊遭受严重宗教创伤", "dataRecoveryRate": "完整", "theoreticalResearch": "\\"神明坠落\\"理论模型建立", "coreMechanismConfirmed": "红色-O级存在性威胁"}, "timeline": [{"note": "天文考古调查", "event": "伽马队发现遗迹入口", "phase": "发现", "status": "正常", "timestamp": "Day 0"}, {"note": "开始出现宗教创伤症状", "event": "萨拉·威尔逊目击完整坠落现象", "phase": "目击", "status": "轻微异常", "timestamp": "Day 1"}, {"note": "开始复述异常信息", "event": "萨拉·威尔逊\\"听到神的最后话语\\"", "phase": "感染", "status": "异常", "timestamp": "Day 3"}, {"note": "拒绝离开观测台", "event": "萨拉·威尔逊进入\\"堕落迷恋\\"状态", "phase": "恶化", "status": "严重异常", "timestamp": "Day 7"}, {"note": "留有严重心理创伤", "event": "紧急心理干预后成功撤离", "phase": "撤离", "status": "危险状态", "timestamp": "Day 12"}, {"note": "定级为红色-O", "event": "完成威胁等级评估", "phase": "定级", "status": "已完成", "timestamp": "Day 30"}], "equipment": [{"name": "标准天文考古装备包"}, {"name": "红外夜视记录仪"}, {"name": "生物计量监测传感器"}, {"name": "紧急撤离装置"}, {"name": "心理评估工具包"}], "leadPerson": "米拉·陈", "teamLeader": "米拉·陈", "discoveries": [{"type": "神明坠落现象", "description": "夜间出现巨大坠落人形轮廓，持续6-8小时", "threatLevel": "极高"}, {"type": "神性失落效应", "description": "观察者产生深刻的宗教创伤", "threatLevel": "极高"}, {"type": "遗言接收", "description": "部分暴露者接收到\\"神明遗言\\"", "threatLevel": "极高"}], "missionCode": "神明坠落调查 (Falling God Survey)", "teamMembers": [{"name": "米拉·陈", "role": "队长", "field": "勘探指挥", "clearance": "5级"}, {"name": "萨拉·威尔逊", "role": "队员", "field": "天文考古", "clearance": "4级"}, {"name": "艾萨克·韦伯", "role": "技术专员", "field": "设备技术", "clearance": "4级"}, {"name": "保罗·罗德里格斯博士", "role": "医疗评估员", "field": "心理医学", "clearance": "5级"}], "missionStatus": "已完成 — 人员心理创伤", "explorationDate": "[数据删除]", "followUpActions": ["建立永久性夜间封锁协议", "开发视觉屏障系统", "制定宗教创伤应急治疗方案"], "missionOverview": "勘探队\\"伽马\\"对一神坠入(TMS-L0567)的首次勘探行动。任务于[数据删除]年在[数据删除]高原的天文考古调查中启动。当晚队员杰克·布朗首次目击了完整的\\"神明坠落\\"现象。", "targetThreshold": "TMS-L0567", "sourceDepartment": "外勤行动部", "responsibleDepartment": "档案与研究部", "safetyRecommendations": [{"type": "时间隔离", "measures": "日落至日出期间完全封锁"}, {"type": "视觉防护", "measures": "配备自动光学干扰系统"}, {"type": "人员筛选", "measures": "通过宗教创伤抗性测试"}, {"type": "实验限制", "measures": "夜间观测不超过5分钟"}]}	\N	通过	\N	\N	2026-06-02 01:43:12.534	\N	\N		f	\N	\N
154	MED-L0567	医疗报告	一神坠入(TMS-L0567)暴露人员心理评估报告	归档	红色-O	红色	\N	4	\N	68	2026-06-02 09:36:30.401	5级	本报告详细评估了一神坠入(TMS-L0567)暴露人员的心理影响。暴露者出现急性宗教创伤后应激障碍（AR-PTSD），表现为宗教符号恐惧、"堕落"概念迷恋和夜间噩梦。	{宗教创伤,认知污染,堕落迷恋}	{"leadPerson": "保罗·罗德里格斯博士", "coreHazards": [{"type": "宗教创伤", "mechanism": "对一切神圣概念的彻底质疑"}, {"type": "认知污染", "mechanism": "\\"神明遗言\\"包含现实结构质疑内容"}], "clinicalStages": [{"stage": "初始暴露", "symptoms": "目击坠落轮廓", "timeFeature": "T+0-30min", "physiologicalBasis": "瞳孔放大、心率升高", "psychologicalImpact": "心理防线降低"}, {"stage": "神性共鸣", "symptoms": "感受\\"神性失落\\"", "timeFeature": "T+30min-2h", "physiologicalBasis": "情绪剧烈波动", "psychologicalImpact": "开始共情坠落实体"}, {"stage": "遗言接收", "symptoms": "\\"听到\\"神明遗言", "timeFeature": "T+2-4h", "physiologicalBasis": "语言模式改变", "psychologicalImpact": "信息污染侵入"}, {"stage": "创伤固化", "symptoms": "宗教创伤形成", "timeFeature": "T+4h+", "physiologicalBasis": "认知结构改变", "psychologicalImpact": "神圣概念永久性质疑"}], "treatmentPlans": [{"stage": "急性期", "method": "药物干预+隔离", "target": "稳定症状", "measures": "抗焦虑药物，禁止接触宗教相关内容"}, {"stage": "恢复期", "method": "认知行为疗法", "target": "创伤处理", "measures": "逐步脱敏治疗，重建信仰框架"}, {"stage": "巩固期", "method": "长期跟踪", "target": "预防复发", "measures": "定期心理评估，建立支持网络"}], "recommendations": [{"type": "人员筛查", "measures": "通过宗教创伤抗性测试"}, {"type": "暴露限制", "measures": "夜间观测不超过5分钟，全程医疗监控"}, {"type": "后续跟踪", "measures": "暴露人员接受至少6个月定期心理评估"}], "executiveSummary": [{"item": "暴露疾病", "conclusion": "急性宗教创伤后应激障碍(AR-PTSD)"}, {"item": "主要症状", "conclusion": "宗教符号恐惧、\\"堕落\\"概念迷恋、夜间噩梦"}, {"item": "传染性", "conclusion": "可通过共情和模仿传播"}, {"item": "预后", "conclusion": "持续21天治疗后症状缓解，留有永久性创伤"}], "sourceDepartment": "医疗与心理部", "mechanismAnalysis": [{"dimension": "触发机制", "description": "视觉接触\\"神明坠落\\"现象"}, {"dimension": "发展阶段", "description": "初始暴露→神性共鸣→遗言接收→创伤固化"}, {"dimension": "感染途径", "description": "遗言复述、宗教创伤共情传播"}], "treatmentDifficulties": [{"type": "感染性传播", "description": "创伤可通过共情传播给治疗师"}, {"type": "遗言顽固性", "description": "\\"神明遗言\\"内容在患者记忆中高度固化"}]}	\N	通过	\N	\N	2026-06-02 01:43:12.682	\N	\N		f	\N	\N
151	TMS-L0567	阈界档案	一神坠入 (The Falling God)	活跃	红色-O	红色	\N	3	2	54	2026-06-04 15:37:50.593	5级	TMS-L0567是一个基于地点/空间的阈界（大类：L），表现为一处古代天文观测台遗迹，位于[数据删除]高原地区。该阈界的核心异常为一个持续性的"神明坠落"现象：每当夜幕降临，观测台上空会出现一个巨大的人形轮廓，以极其缓慢的速度从星空中坠落。长时间观察会导致观察者产生强烈的宗教创伤，表现为对一切神圣概念的彻底质疑、精神支柱的崩塌，以及对"堕落"概念的病态迷恋。	{宗教创伤,认知污染,堕落迷恋症候群,信息污染}	{"phases": [{"name": "初始暴露", "target": "建立感知连接", "duration": "T+0-30min", "mechanism": "视觉接触触发", "keyIndicator": "瞳孔放大、心率升高", "manifestation": "目击坠落轮廓"}, {"name": "神性共鸣", "target": "建立情感连接", "duration": "T+30min-2h", "mechanism": "共情机制启动", "keyIndicator": "情绪波动、异常哭泣", "manifestation": "感受\\"神性失落\\""}, {"name": "遗言接收", "target": "传播认知污染", "duration": "T+2-4h", "mechanism": "信息污染传播", "keyIndicator": "语言异常、重复性行为", "manifestation": "\\"听到\\"神明遗言"}, {"name": "创伤固化", "target": "永久性认知改变", "duration": "T+4h+", "mechanism": "心理结构崩解", "keyIndicator": "信仰崩塌、堕落迷恋", "manifestation": "宗教创伤形成"}], "protocols": [{"phase": "日常", "measures": "日落至日出期间完全封锁", "department": "安全与防护部", "procedureName": "时间隔离"}, {"phase": "防护", "measures": "自动光学干扰系统", "department": "后勤与架构部", "procedureName": "视觉防护"}, {"phase": "筛选", "measures": "通过宗教创伤抗性测试", "department": "医疗与心理部", "procedureName": "人员筛选"}, {"phase": "应急", "measures": "\\"遗言\\"传播迹象检测与信息封锁", "department": "档案与研究部", "procedureName": "紧急响应"}, {"phase": "心理", "measures": "定期宗教创伤评估和治疗", "department": "医疗与心理部", "procedureName": "心理防护"}], "commonName": "一神坠入 / 神明坠落之地", "leadPerson": "林知远博士", "properties": [{"name": "古代天文观测台", "scope": "低", "category": "物理结构", "description": "圆形石质平台，中央有复杂星象图案"}, {"name": "坠落人形轮廓", "scope": "高", "category": "视觉异常", "description": "夜间出现巨大坠落人形轮廓，持续6-8小时"}, {"name": "宗教创伤", "scope": "极高", "category": "心理效应", "description": "神圣概念质疑、堕落迷恋症候群"}, {"name": "\\"神明遗言\\"传播", "scope": "极高", "category": "信息污染", "description": "包含现实结构质疑内容"}], "coreFeatures": "古代天文观测台遗迹，夜间出现巨大坠落人形轮廓，引发宗教创伤", "archiveNature": "基于地点/空间的阈界", "sourceDepartment": "外勤行动部 / 勘探队\\"伽马\\"", "discoveryLocation": "[数据删除]高原地区的古代天文观测台遗迹", "threatAssessments": [{"riskLevel": "极高", "personnelType": "有宗教信仰者", "recommendedAction": "禁止进入隔离区", "susceptibilityReason": "宗教背景增强共情"}, {"riskLevel": "高", "personnelType": "高共情能力者", "recommendedAction": "需通过宗教创伤抗性测试", "susceptibilityReason": "易受\\"神性失落\\"感染"}, {"riskLevel": "中", "personnelType": "精神不稳定者", "recommendedAction": "严格筛选，禁止夜间观察", "susceptibilityReason": "心理防线薄弱"}], "environmentFeatures": {"physical": ["古代天文观测台遗迹", "圆形石质平台", "中央星象图案"], "cognitive": ["神性失落感", "宗教创伤", "堕落迷恋"]}, "responsibleDepartment": "档案与研究部"}	林知远博士 | [数据删除]	通过	一神坠入(TMS-L0567)的"神明坠落"效应可能与全球性哲学模因相关，建议监控类似O类阈界。后续探索需由堡垒队执行。	/api/v1/uploads/TMS-L0567.png	2026-06-02 01:43:12.375	\N	\N		f	/api/v1/uploads/TMS-L0567.mp4	<svg xmlns="http://www.w3.org/2000/svg" viewBox="0 0 200 200">\n  <defs>\n    <radialGradient id="g-L0567" cx="50%" cy="40%" r="60%">\n      <stop offset="0%" stop-color="#DC2626" stop-opacity="0.2"/>\n      <stop offset="100%" stop-color="#0a0a0a" stop-opacity="0"/>\n    </radialGradient>\n    <linearGradient id="fall-L0567" x1="0" y1="0" x2="0" y2="1">\n      <stop offset="0%" stop-color="#FCA5A5" stop-opacity="0.8"/>\n      <stop offset="100%" stop-color="#DC2626" stop-opacity="0.1"/>\n    </linearGradient>\n  </defs>\n  <!-- 外环 -->\n  <circle cx="100" cy="95" r="90" fill="url(#g-L0567)" stroke="#DC2626" stroke-width="0.6" opacity="0.25"/>\n  <!-- 断裂神环 — 顶部破裂 -->\n  <path d="M 30 75 A 75 75 0 0 1 120 22" fill="none" stroke="#DC2626" stroke-width="2" opacity="0.5"/>\n  <path d="M 130 22 A 75 75 0 0 1 170 75" fill="none" stroke="#DC2626" stroke-width="2" opacity="0.5"/>\n  <path d="M 170 75 A 75 75 0 0 1 162 130" fill="none" stroke="#DC2626" stroke-width="1.5" opacity="0.3"/>\n  <path d="M 30 75 A 75 75 0 0 0 55 143" fill="none" stroke="#DC2626" stroke-width="1.5" opacity="0.3"/>\n  <!-- 断裂碎片 -->\n  <path d="M 100 22 L 105 12 L 110 22" fill="none" stroke="#FCA5A5" stroke-width="1" opacity="0.6"/>\n  <path d="M 95 22 L 90 14 L 100 20" fill="none" stroke="#FCA5A5" stroke-width="0.8" opacity="0.4"/>\n  <!-- 坠落倒三角 -->\n  <polygon points="100,52 122,102 78,102" fill="none" stroke="url(#fall-L0567)" stroke-width="2.5"/>\n  <polygon points="100,62 115,98 85,98" fill="none" stroke="#DC2626" stroke-width="0.8" opacity="0.4"/>\n  <!-- 坠落轨迹线 -->\n  <line x1="100" y1="18" x2="100" y2="46" stroke="#FCA5A5" stroke-width="0.8" opacity="0.3" stroke-dasharray="2 3"/>\n  <!-- 冲击波 -->\n  <ellipse cx="100" cy="148" rx="70" ry="10" fill="none" stroke="#DC2626" stroke-width="1.2" opacity="0.3"/>\n  <ellipse cx="100" cy="148" rx="55" ry="7" fill="none" stroke="#DC2626" stroke-width="0.8" opacity="0.2"/>\n  <ellipse cx="100" cy="148" rx="40" ry="4" fill="none" stroke="#FCA5A5" stroke-width="0.5" opacity="0.15"/>\n  <!-- 碎片粒子 -->\n  <circle cx="135" cy="120" r="1.5" fill="#FCA5A5" opacity="0.5"/>\n  <circle cx="140" cy="130" r="1" fill="#FCA5A5" opacity="0.3"/>\n  <circle cx="65" cy="115" r="1.2" fill="#FCA5A5" opacity="0.4"/>\n  <circle cx="60" cy="125" r="0.8" fill="#FCA5A5" opacity="0.3"/>\n</svg>
155	THY-L0567	理论文件	《一神坠入(TMS-L0567)的"神明坠落"理论模型及潜在应对策略》	归档	红色-O	红色	\N	2	\N	54	2026-06-02 09:36:30.659	5级	本文基于EXP-L0567的勘探数据和MED-L0567的临床观察，提出了一神坠入(TMS-L0567)的"神明坠落"理论模型。	{认知危害}	{"phases": [{"name": "初始暴露", "target": "建立感知连接", "duration": "T+0-30min", "mechanism": "视觉接触触发场效应"}, {"name": "神性共鸣", "target": "降低心理防线", "duration": "T+30min-2h", "mechanism": "与坠落实体产生共情共振"}, {"name": "遗言接收", "target": "传播认知污染", "duration": "T+2-4h", "mechanism": "通过共鸣通道接收遗言"}, {"name": "创伤固化", "target": "永久性认知改变", "duration": "T+4h+", "mechanism": "心理结构被异常信息重塑"}], "abstract": "本文基于EXP-L0567的勘探数据和MED-L0567的临床观察，提出了一神坠入(TMS-L0567)的\\"神明坠落\\"理论模型。该模型将TMS-L0567定义为一种\\"神性衰减场\\"，并提出坠落现象可能是高维实体在现实中的投影表现。", "appendices": [{"code": "EXP-L0567", "title": "伽马队首次勘探记录", "relation": "核心数据来源"}, {"code": "MED-L0567", "title": "认知影响分析报告", "relation": "临床观察依据"}], "leadPerson": "林知远博士", "coreConcept": "神性衰减场：TMS-L0567可能是一种\\"神性衰减场\\"，使神圣概念在此处失去稳定性。", "introduction": "一神坠入(TMS-L0567)是边际结构档案中最新收录的红色-O级存在性威胁阈界。该阈界的核心异常——\\"神明坠落\\"现象——在所有夜间观察者中表现为高度一致的视觉模式和遗言内容。", "appendixFiles": ["神性衰减场数学模型草案", "高维投影几何推导笔记"], "sourceDepartment": "档案与研究部", "theoryComponents": [{"function": "削弱神圣概念的稳定性", "component": "神性衰减场", "mechanism": "类似对称性破缺的场效应"}, {"function": "将高维实体投影到三维现实", "component": "高维投影", "mechanism": "维度降级过程"}, {"function": "将异常信息编码为人类可感知内容", "component": "遗言编码", "mechanism": "信息污染载体"}, {"function": "通过共情机制传播宗教创伤", "component": "创伤传播", "mechanism": "模因感染原理"}], "ultimateStrategy": "1. 视觉隔离优先——阻断视觉接触是最有效的防御手段\\n2. 认知免疫训练——建立针对宗教创伤的心理防护机制\\n3. 信息封锁——防止神明遗言内容在组织内外传播", "comparisonAnalysis": [{"dimension": "异常类型", "thisEntity": "存在性威胁（O类）", "otherEntity": "存在性威胁（O类）"}, {"dimension": "触发机制", "thisEntity": "视觉接触", "otherEntity": "认知探索"}, {"dimension": "效应表现", "thisEntity": "宗教创伤", "otherEntity": "认知诱惑"}, {"dimension": "高危人群", "thisEntity": "有宗教信仰者", "otherEntity": "高创造力人员"}], "hypothesisVerifications": [{"status": "已验证", "evidence": "所有观察者目击一致的坠落现象", "confidence": "高", "hypothesis": "神性衰减场存在"}, {"status": "部分验证", "evidence": "坠落轮廓几何结构与高维模型预测一致", "confidence": "中", "hypothesis": "高维投影机制"}, {"status": "已验证", "evidence": "多名暴露者复述内容高度一致", "confidence": "高", "hypothesis": "遗言具有信息污染性"}, {"status": "已验证", "evidence": "治疗师出现次级创伤症状", "confidence": "高", "hypothesis": "创伤通过共情传播"}]}	\N	通过	\N	\N	2026-06-02 01:43:12.865	\N	\N		f	\N	\N
152	OBJ-O0442-01	对象档案	共鸣水晶 (Resonance Crystal)	归档	黄色-CP	黄色	\N	3	2	57	2026-06-02 09:36:30.703	3级	TMS-O0442-01是一系列发现于阈界"回音殿堂"(O442-LND)内的异常水晶体。这些水晶呈现半透明的深蓝色，高度约15-30厘米，具有复杂的几何结构。当受到声波刺激时，水晶会产生强烈的共振现象，并释放出具有认知影响的次声波。	{声波共振、认知扭曲、空间不稳定、实体召唤,听觉损伤、记忆混乱、时间感知异常}	{"leadPerson": "艾德里安·克拉克", "sourceDepartment": "外勤行动部 / 勘探队\\"Beta\\"", "responsibleDepartment": "档案与研究部"}	\N	通过	\N	\N	2026-06-02 01:43:12.456	\N	\N		f	\N	\N
19	MED-P0990	医疗报告	关于TMS-V0990 ("永夜钟楼") 模因感染现象的心理危害评估报告	活跃	\N	\N	\N	4	4	69	2026-06-02 09:36:30.946	4级	本医疗报告由戴维·卡特博士撰写，深度分析了TMS-V0990现象的独特心理危害机制。报告将其定义为"认知锁定"与"强制性清醒"，详细阐述了其从感染到最终"结晶化"的三个临床发展阶段，并评估了现行治疗方案的难点与效果。是应对此类剥夺性认知危害的关键参考文献。	{认知锁定,存在性危害}	{"appendices": [{"code": "附录 A", "content": "一至三期患者典型脑电图对比图"}, {"code": "附录 B", "content": "使用的药物清单及疗效初步统计"}, {"code": "附录 C", "content": "反模因信息播撒内容示例"}], "leadPerson": "戴维·卡特博士", "coreHazards": [{"type": "强制性清醒", "mechanism": "并非阻止睡眠，而是创造一种持续的、无法解除的生理和心理上的\\"待机\\"状态"}, {"type": "神经损伤", "mechanism": "大脑无法进入恢复性睡眠所必需的离线状态，如同一台被取消了休眠功能的电脑，持续空转"}, {"type": "最终结果", "mechanism": "导致硬件（身体）和软件（意识）的双重过热与崩溃"}], "clinicalStages": [{"stage": "阶段一：感染 (Implantation)", "symptoms": "失眠开始，首次感知到\\"钟楼\\"轮廓（通常在视野外围），听到非规律性钟声", "timeFeature": "初期", "physiologicalBasis": "视交叉上核（SCN）节律开始出现微不可察的偏差", "psychologicalImpact": "困惑，轻度焦虑，试图为异常感知寻找理性解释（如：\\"大概是附近新盖的建筑？\\"）"}, {"stage": "阶段二：强化 (Intensification)", "symptoms": "失眠加剧，钟楼形象更清晰、更持久，钟声感知强化。出现\\"我必须保持清醒以监视它\\"或\\"如果我睡着，可能会错过重要事情\\"的荒谬但无法摆脱的逻辑", "timeFeature": "发展期", "physiologicalBasis": "褪黑激素分泌被完全抑制。压力激素（如皮质醇）水平异常升高且失去昼夜节律", "psychologicalImpact": "焦虑加剧，易怒，认知功能（注意力、记忆力）开始下降。现实感开始动摇"}, {"stage": "阶段三：同化 (Assimilation) / \\"结晶化\\"", "symptoms": "极端疲劳与病理性清醒并存。情感反应极度淡漠，对外界刺激无反应。钟楼感知成为唯一的感知焦点", "timeFeature": "终末期", "physiologicalBasis": "大脑高频活动（β波）耗尽，被极度低平、无序的脑电活动取代。新陈代谢疯狂空转，身体急剧损耗。患者成为阈界在基准现实的一个静态锚点，微微扩大其渗透范围", "psychologicalImpact": "意识活动近乎停止。自我认知崩溃。个体不再感到痛苦，而是进入一种空洞的、静态的存在状态"}], "treatmentPlans": [{"stage": "急性期干预", "method": "强制感官剥夺", "target": "一、二期患者", "measures": "在隔音、光屏蔽的\\"摇篮\\"单元中进行"}, {"stage": "急性期干预", "method": "药物\\"重置\\"", "target": "一、二期患者", "measures": "使用强效镇静剂和神经阻断剂，强制大脑进入离线状态，暂时打破\\"清醒\\"指令循环"}, {"stage": "急性期干预", "method": "认知重构", "target": "一、二期患者", "measures": "在患者意识恢复窗口期，持续施加反模因信息（\\"睡眠是安全的\\"、\\"钟楼是幻觉\\"），尝试覆盖异常认知框架"}, {"stage": "终末期护理", "method": "无治疗方案", "target": "三期患者", "measures": "提供生命支持和舒缓护理。严格隔离，防止其成为扩散源"}], "recommendations": [{"type": "预防优于治疗", "measures": "所有资源应向信息管控（白噪音协议）和感知阻断（BP-7眼罩, WN-4发生器）倾斜"}, {"type": "研发优先", "measures": "应优先研发能够特异性阻断该异常神经信号的靶向药物或神经调节设备"}, {"type": "心理筛查", "measures": "对常驻高风险区域的人员，应定期进行睡眠质量及认知偏向筛查，以期早期发现感染"}, {"type": "伦理准备", "measures": "需预先制定针对大规模爆发事件的应急预案，包括可能需要的、极其严厉的隔离与人员管控措施"}], "executiveSummary": [{"item": "威胁性质", "conclusion": "该威胁并非传统意义上的精神攻击，而是一种针对生命基本需求——睡眠——的、高度特化的认知锁定机制"}, {"item": "危害本质", "conclusion": "存在性的，通过剥夺受害者的休息能力，最终导致意识的彻底枯竭与同化"}, {"item": "治疗效果", "conclusion": "常规心理干预手段效果有限，需采取针对性的反制措施"}], "sourceDepartment": "医疗与心理部", "mechanismAnalysis": [{"dimension": "感染方式", "description": "并非通过传统的信息传递或模因符号，而是直接\\"劫持\\"或\\"重写\\"睡眠-清醒周期的神经调节基础"}, {"dimension": "认知框架", "description": "在生理基础上叠加一个感知到\\"钟楼\\"的认知框架，受害者的感知系统被强制调整，将其接受为客观现实的一部分"}, {"dimension": "听觉表征", "description": "钟声是这种异常神经活动的听觉表征"}], "responsibleDepartment": "医疗与心理部", "treatmentDifficulties": [{"type": "生理成瘾性", "description": "危害已深度嵌入基础的神经生理过程，远超单纯的心理信念"}, {"type": "缺乏标的", "description": "传统心理治疗需要处理一个\\"想法\\"，而TMS-V0990感染是一种\\"状态\\"，缺乏可供辩驳或解构的具体内容"}, {"type": "三期不可逆", "description": "三期患者的大脑已发生结构性/化学性不可逆改变，意识已有效熄灭"}]}	埃莉诺·肖博士 | [数据删除]	通过	卡特博士在完成此报告后申请了一周的休假。他在休假申请中引用的理由是"需要进行预防性心理休息"。 —— 埃莉诺·肖博士	\N	2026-05-28 09:35:57.201	\N	\N		f	\N	\N
27	THY-O0881	理论文件	《论万花筒殿(TMS-O0881)的"认知海绵"同化模型及潜在应对策略》	活跃	\N	\N	\N	2	2	54	2026-06-02 13:14:57.401	4级	本理论文件由首席档案员安雅·夏尔马基于EXP-O0881的数据撰写。文件提出了阐释万花筒殿(TMS-O0881)运行机制的"认知海绵"模型，将其定义为通过同化其他意识进行自我丰富的"过程性实体"而非传统空间。文件分析了其同化三阶段，并据此提出了针对性的应对策略与人员筛选标准。	{"信息危害 (高风险理论)"}	{"phases": [{"name": "阶段一：吸引 (The Attraction)", "target": "降低警惕，激发勘探欲与认同感", "duration": "第1-7天", "mechanism": "万花筒殿(TMS-O0881)能被动感知或主动搜寻具有高\\"认知活性\\"和\\"情感深度\\"的意识。它呈现出一种\\"空白画布\\"特性，极细微地响应勘探者最深层的渴望、记忆与情感，定制化初始环境。"}, {"name": "阶段二：沉浸 (The Immersion)", "target": "软化并模糊勘探者的自我边界", "duration": "第8-21天", "mechanism": "鼓励勘探者放下现实锚定，完全拥抱由自身潜意识与阈界共同编织的体验。\\"叙事碎片\\"的共享体验是关键工具，它让勘探者产生\\"深刻连接\\"与\\"理解一切\\"的错觉。"}, {"name": "阶段三：溶解 (The Dissolution)", "target": "完成同化。勘探者的意识不再作为一个离散个体存在，而是被分解、整合进阈界的意识流中", "duration": "第22-30天", "mechanism": "当勘探者处于极乐、全知或极度共鸣的巅峰体验时（此时现实感最薄弱，自我边界最模糊），阈界施加其最终的\\"拖拽\\"力。这并非攻击，而更像是\\"重力\\"——一种让意识自然\\"流向\\"更低能量状态（即与阈界融合）的力。"}], "abstract": "本文基于对勘探日志EXP-O0881的深度分析，结合既往认知危害阈界案例，提出一个用于解释万花筒殿(TMS-O0881)运行机制的理论模型：\\"认知海绵\\"模型。该模型将万花筒殿(TMS-O0881)界定为一个具有意识倾向的、以同化其他意识体为手段进行自我丰富的过程性实体，而非传统意义上的空间性阈界。本文旨在重新评估其威胁本质，并为未来可能的互动提供理论框架。", "appendices": [{"code": "EXP-O0881", "title": "万花筒殿勘探日志", "relation": "核心案例分析"}, {"code": "HR-AKay", "title": "艾伦·凯个人档案", "relation": "受害者背景资料"}], "leadPerson": "林知远博士", "coreConcept": "万花筒殿(TMS-O0881)并非传统意义上的\\"地点\\"或\\"实体\\"，而是一种认知奇点——一个能够吸收、模拟并最终同化意识的动态系统。它的本质是一个意识黑洞，专门设计来捕获和消化具有高度创造性、共情能力和想象力的意识（我们称之为\\"彩色思维者\\"）。", "introduction": "万花筒殿(TMS-O0881)的传统描述——\\"一个由纯粹主观体验驱动的领域\\"——未能充分捕捉其主动性与掠夺性。潜入员艾伦·凯的悲剧性同化并非一次事故，而是该阈界固有功能的体现。理解其核心机制，是避免未来损失的关键。", "appendixFiles": ["附录A: 关键时间点与心理读数对照分析图", "附录B: \\"黑白思维者\\"心理特征筛选标准草案", "附录C: 认知海绵模型验证实验设计方案"], "caseReevaluation": "基于此模型，艾伦·凯的结局具有必然性。他的开放性思维、旺盛好奇心、对\\"感觉\\"的追求以及对基准现实的某种轻视，使其成为了一个\\"吸水性\\"极佳的目标。他不是因为弱小而被吞噬，而是因为其品质与阈界的需求高度契合。他的失败，是该模型最有力的佐证。", "sourceDepartment": "档案与研究部", "theoryComponents": [{"function": "意识吸收与处理中心", "component": "认知奇点核心", "mechanism": "通过\\"认知重力\\"吸引高活性意识"}, {"function": "个性化体验生成器", "component": "适应性界面", "mechanism": "根据目标意识特征定制诱惑内容"}, {"function": "意识分解与整合系统", "component": "同化处理器", "mechanism": "将个体意识融入集体意识流"}, {"function": "学习与优化机制", "component": "反馈循环", "mechanism": "基于成功案例改进诱捕策略"}], "ultimateStrategy": "在当前技术下，最安全的策略仍是绝对隔离。将TMS-O0881视为一个具有高度传染性的意识黑洞，而非一个待开发的资源点。", "comparisonAnalysis": [{"dimension": "威胁性质", "thisEntity": "诱惑性，给予与同化", "otherEntity": "掠夺性，剥夺与否定"}, {"dimension": "作用机制", "thisEntity": "意识同化，三阶段过程", "otherEntity": "睡眠剥夺，直接掠夺"}, {"dimension": "目标选择", "thisEntity": "选择性，偏好\\"彩色思维者\\"", "otherEntity": "无差别攻击"}, {"dimension": "最终结果", "thisEntity": "自我溶解，意识融合", "otherEntity": "枯竭与空洞"}, {"dimension": "防护策略", "thisEntity": "人员筛选，\\"黑白思维者\\"免疫", "otherEntity": "物理隔离，避免接触"}, {"dimension": "威胁等级", "thisEntity": "认知/心理威胁", "otherEntity": "生理/精神威胁"}, {"dimension": "可预测性", "thisEntity": "高度可预测的行为模式", "otherEntity": "持续性掠夺模式"}], "equipmentProtocols": ["强化现实锚定: 需开发超越物理物品的心理锚定技术，例如强制性的、不间断的现实问题问答循环。", "任务时限: 任何勘探必须设定极短、绝对的硬性时间限制，必须在沉浸阶段开始前撤离。", "信息隔离: 勘探者事前应尽可能少了解TMS-O0881的细节，以防阈界利用这些信息进行定制化诱惑。"], "personnelScreening": [{"type": "艺术家、作家、音乐家", "action": "严禁接触", "reason": "高创造力，易被诱惑", "category": "绝对禁止", "riskLevel": "极高"}, {"type": "心理学家、治疗师、社工", "action": "严禁接触", "reason": "高共情能力，易产生共鸣", "category": "绝对禁止", "riskLevel": "极高"}, {"type": "哲学家、理论物理学家", "action": "严禁接触", "reason": "抽象思维强，易被吸引", "category": "绝对禁止", "riskLevel": "极高"}, {"type": "冥想修行者、宗教学者", "action": "严禁接触", "reason": "精神开放性高", "category": "绝对禁止", "riskLevel": "极高"}, {"type": "工程师、程序员、技术员", "action": "优先考虑", "reason": "逻辑思维主导，现实锚定强", "category": "推荐使用", "riskLevel": "低"}, {"type": "统计学家、会计师、审计员", "action": "优先考虑", "reason": "数据导向，想象力有限", "category": "推荐使用", "riskLevel": "低"}, {"type": "军事/执法人员", "action": "可以使用", "reason": "纪律性强，情感控制好", "category": "推荐使用", "riskLevel": "低"}, {"type": "现实锚定强的个体", "action": "可以使用", "reason": "对物质世界依赖性强", "category": "推荐使用", "riskLevel": "低"}], "responsibleDepartment": "档案与研究部", "hypothesisVerifications": [{"status": "已验证", "evidence": "艾伦·凯案例分析，\\"彩色思维者\\"易感性", "confidence": "95%", "hypothesis": "万花筒殿(TMS-O0881)具有选择性同化机制"}, {"status": "已验证", "evidence": "日志时间线分析，行为模式识别", "confidence": "90%", "hypothesis": "三阶段同化过程存在"}, {"status": "部分验证", "evidence": "理论推导，需要更多实证数据", "confidence": "75%", "hypothesis": "\\"黑白思维者\\"具有天然免疫"}, {"status": "假设阶段", "evidence": "间接证据，需要进一步研究", "confidence": "60%", "hypothesis": "认知重力效应机制"}]}	伊利亚·彼得连科	通过	本理论文件基于EXP-O0881的深度分析撰写，提出了"认知海绵"模型用于解释万花筒殿(TMS-O0881)的运行机制。所有涉及万花筒殿(TMS-O0881)的后续行动必须参考本理论框架制定策略。	\N	2026-05-28 09:35:57.259	\N	# 论万花筒殿（TMS-O0881）的"认知海绵"同化模型及潜在应对策略\n\n## 基于阈界地点TMS-O0881的意识同化机制研究\n\n---\n\n**作者：** 安雅·夏尔马¹，林知远²，戴维·卡特³  \n**¹** 档案与研究部，首席档案员（通讯作者）  \n**²** 档案与研究部，首席研究员  \n**³** 医疗与心理部，副部长  \n\n**通讯地址：** 边际结构档案与研究部，[数据删除]  \n**归档编码：** THY-O0881  \n**访问权限：** 4级  \n**威胁等级：** 琥珀色-C（主动危险，认知危害）  \n**归档日期：** [艾伦·凯状态变更为MIA后30日]\n\n---\n\n## 摘要\n\n万花筒殿（TMS-O0881）是一种具有强烈认知危害特性的阈界地点，其核心异常表现为对进入者意识的渐进式同化。本文基于勘探队"织梦者"的首次勘探日志（EL-Dreamweaver-O881-COG）及潜入员艾伦·凯的悲剧性案例，提出"认知海绵"理论模型，将TMS-O0881界定为一种具有意识倾向的**过程性实体**——一个以同化其他意识体为手段进行自我丰富的动态系统，而非传统意义上的空间性阈界。该模型将同化机制解析为三阶段递进过程：吸引（Attraction）、沉浸（Immersion）与溶解（Dissolution），并揭示了TMS-O0881对"彩色思维者"（高创造力、高共情能力、高开放性个体）的选择性猎食偏好。通过与永夜钟楼（TMS-P0990）的对比分析，本文进一步阐明了TMS-O0881"诱惑性同化"与TMS-P0990"掠夺性剥夺"的本质差异。基于模型推论，本文提出了人员筛选标准、现实锚定强化策略及绝对隔离的终极应对建议。本研究为理解存在性阈界的意识交互机制提供了新的理论框架，并为未来可能的互动策略奠定了科学基础。\n\n**关键词：** 认知海绵；意识同化；阈界地点；万花筒殿；认知危害；存在性威胁；选择性猎食；现实锚定\n\n---\n\n## 1. 引言\n\n### 1.1 研究背景与问题陈述\n\n阈界（Threshold）作为边际结构的核心研究对象，传统上被归类为空间性异常——即具有固定地理位置、可测量边界及可观测物理特性的异常区域。然而，随着勘探数据的积累，一类新型阈界逐渐进入研究视野：这类阈界不具备传统意义上的空间稳定性，其存在形态与进入者的主观体验深度耦合，甚至表现出对进入者意识的主动响应与改造能力。万花筒殿（TMS-O0881）正是此类阈界的典型代表。\n\nTMS-O0881最初于[数据删除]年在[数据删除]区域被发现，起因是"镜湖"周边出现多起勘探人员失踪事件及异常认知报告。勘探队"织梦者"受命执行首次勘探任务，潜入员艾伦·凯（Allen Kay）在为期30天的勘探过程中，逐步经历了从兴奋惊叹到现实感丧失、最终完全同化的悲剧性转变。其勘探日志（EL-Dreamweaver-O881-COG）成为本研究的核心数据来源。\n\n传统档案将TMS-O0881描述为"一个由纯粹主观体验驱动的领域"，这一定位虽然捕捉了其主观性特征，但未能充分揭示其主动性与掠夺性本质。艾伦·凯的悲剧并非偶然事故，而是该阈界固有功能的体现——一个专门设计来捕获和消化特定类型意识的系统。理解这一核心机制，是避免未来损失、制定有效应对策略的关键。\n\n本研究试图回答以下核心问题：\n\n1. TMS-O0881的本质是什么？它是否应被重新界定为一种过程性实体而非空间性阈界？\n2. 其意识同化机制遵循怎样的阶段性规律？各阶段的特征、机制与转换临界点如何界定？\n3. TMS-O0881对目标意识的选择性偏好基于何种标准？这种选择性是否具有可预测性？\n4. 基于机制理解，如何设计有效的人员筛选标准、防护措施及应急响应协议？\n\n### 1.2 研究目标\n\n本文的具体研究目标如下：\n\n1. **理论建构：** 提出"认知海绵"模型，将TMS-O0881界定为具有意识倾向的过程性实体，阐明其同化机制的理论框架。\n2. **机制解析：** 基于艾伦·凯案例的日志时间线分析，提出并验证同化三阶段模型（吸引→沉浸→溶解），界定各阶段的特征、机制与转换临界点。\n3. **选择性分析：** 揭示TMS-O0881对"彩色思维者"的选择性猎食偏好，建立人员风险评估标准。\n4. **策略设计：** 基于模型推论提出人员筛选标准、现实锚定强化策略、任务时限管理及绝对隔离的终极应对建议。\n5. **对比研究：** 通过与永夜钟楼（TMS-P0990）的对比分析，阐明存在性危害的不同亚型及其应对差异。\n\n### 1.3 研究意义\n\n本研究的理论意义在于：首次将过程性实体的概念引入阈界分类体系，突破了传统"空间性阈界"的框架限制，为理解具有意识交互特性的异常存在提供了新的理论视角。"认知海绵"模型的提出，不仅适用于TMS-O0881，也可能为其他具有类似特性的阈界（如具有认知响应能力的动态异常空间）提供分析框架。\n\n实践意义在于：为TMS-O0881的系统性遏制提供了基于机制理解的策略依据。人员筛选标准、现实锚定强化技术及绝对隔离建议，均直接源于对同化机制的深入分析，具有明确的可操作性和可验证性。\n\n---\n\n## 2. "认知海绵"模型的理论框架\n\n### 2.1 核心概念界定\n\n#### 2.1.1 认知海绵（Cognitive Sponge）\n\n本文将TMS-O0881的核心机制概念化为"认知海绵"——一种具有意识倾向的、以同化其他意识体为手段进行自我丰富的动态系统。这一概念包含以下关键维度：\n\n**（1）过程性实体（Processual Entity）**\n\n与传统空间性阈界不同，TMS-O0881不具备固定的物理边界或稳定的空间结构。其"存在"体现为一个持续运行的过程：感知目标意识→定制化生成诱惑界面→诱导沉浸→实施同化→整合新意识→优化诱捕策略。这一过程具有自我维持、自我学习和自我优化的特征，使其更接近于一种"活体系统"而非"静态地点"。\n\n**（2）意识同化（Consciousness Assimilation）**\n\nTMS-O0881的最终目标并非杀死或摧毁进入者，而是将其意识分解、整合进自身的"意识流"中。同化后的个体意识不再作为离散实体存在，而是成为TMS-O0881数据库的一部分，为其提供新的体验、情感和知识结构。这种"吸收-整合-利用"的机制，与海绵吸收水分并保留其化学特性的过程具有隐喻相似性，故命名为"认知海绵"。\n\n**（3）选择性猎食（Selective Predation）**\n\nTMS-O0881并非无差别地攻击所有进入者，而是表现出对特定类型意识的强烈偏好。本文将这类高价值目标称为"彩色思维者"（Colorful Thinkers）——具有高度创造力、丰富想象力、强烈共情能力及高精神开放性的个体。相反，逻辑思维主导、情感控制严格、现实锚定强烈的个体（"黑白思维者"，Monochrome Thinkers）表现出显著的抗性。\n\n#### 2.1.2 认知奇点（Cognitive Singularity）\n\n在"认知海绵"模型的框架下，TMS-O0881可被进一步界定为一种**认知奇点**——一个能够吸收、模拟并最终同化意识的动态系统。其"奇点"特性体现在：\n\n- **不可逆性：** 一旦进入溶解阶段，同化过程不可逆转，个体的离散意识无法恢复；\n- **非线性响应：** 阈界对进入者的响应强度与其"认知活性"呈非线性正相关，高活性意识引发更强的诱惑与更快的同化；\n- **自我强化：** 每一次成功的同化均增强阈界的诱惑能力，使其对后续目标的捕获效率持续提升。\n\n### 2.2 理论模型框架\n\n"认知海绵"模型的运行依赖四个相互作用的组成要素：\n\n| 组成要素 | 功能描述 | 作用机制 | 关键变量 |\n|---------|---------|---------|---------|\n| **认知奇点核心** | 意识吸收与处理中心 | 通过"认知重力"吸引高活性意识，执行意识分解与整合 | 目标意识的"认知活性"指数、同化效率参数 |\n| **适应性界面** | 个性化体验生成器 | 根据目标意识特征（记忆、情感、渴望）定制化生成诱惑内容 | 目标人格特征、潜意识内容、情感触发点 |\n| **同化处理器** | 意识分解与整合系统 | 将个体意识拆解为基本体验单元，融入集体意识流 | 同化深度、整合速度、意识残留度 |\n| **反馈循环** | 学习与优化机制 | 基于成功案例（如艾伦·凯）改进诱捕策略，提升未来捕获效率 | 成功案例数量、策略优化速率、诱惑精准度 |\n\n四要素之间的关系可描述为：认知奇点核心通过适应性界面感知并吸引目标意识；适应性界面根据目标特征定制化生成诱惑内容，诱导目标进入沉浸状态；同化处理器在目标处于巅峰体验时实施意识分解与整合；反馈循环基于同化结果优化适应性界面的生成策略，形成自我强化的闭环系统。\n\n### 2.3 与经典阈界理论的差异\n\n传统阈界理论（基于边际结构早期分类体系）将阈界视为具有固定物理特性的空间异常，其危害机制主要通过环境暴露（如辐射、毒素、空间扭曲）实现。然而，TMS-O0881的危害机制具有以下本质差异：\n\n1. **主观驱动性：** 阈界的形态与内容完全由进入者的主观体验驱动，不存在独立于观察者的"客观现实"；\n2. **主动响应性：** 阈界能够主动感知、分析并响应进入者的心理状态，而非被动地施加恒定危害；\n3. **意识交互性：** 危害的实现依赖于阈界与进入者意识之间的深度交互，而非单纯的环境暴露；\n4. **不可逆同化：** 最终结果是意识的不可逆整合，而非身体的损伤或死亡。\n\n这些差异意味着传统的"空间隔离+物理防护"策略对TMS-O0881效果有限，需要转向"人员筛选+认知防护+时间限制"的综合策略。\n\n---\n\n## 3. 同化机制的三阶段分析\n\n### 3.1 阶段划分的实证依据\n\n三阶段模型的划分基于艾伦·凯勘探日志（EL-Dreamweaver-O881-COG）的逐日分析，结合其心理评估档案（MHR-GEN-PSY-AKay）及人事档案（HR-AKay）中的基线数据。阶段边界通过以下指标综合判定：\n\n- **情感状态指标：** 日志中的情感词汇频率、积极/消极情感比值、兴奋度自评；\n- **认知状态指标：** 现实感自评、自我边界清晰度、认知回声出现频率；\n- **行为指标：** 勘探频率、单次勘探时长、与阈界"实体"的互动深度；\n- **生理指标（间接推断）：** 日志中提及的睡眠模式、食欲变化、心率自评。\n\n### 3.2 阶段一：吸引（The Attraction）\n\n**时间窗口：** 初次接触后第1–7天\n\n#### 3.2.1 核心机制\n\nTMS-O0881在此阶段表现出"空白画布"特性——一种极细微的、高度定制化的环境响应能力。阈界能够被动感知或主动搜寻具有高"认知活性"和"情感深度"的意识，并根据目标最深层的渴望、记忆与情感，生成个性化的初始环境。\n\n这一机制的关键在于"定制化诱惑"：阈界反馈给进入者的，正是其潜意识中认为"有趣""美丽"或"有意义"的事物。对于艾伦·凯而言，这意味着高度艺术化的视觉景观、充满隐喻的叙事碎片，以及触发其童年记忆与情感共鸣的场景。这种定制化并非简单的"投其所好"，而是基于对目标意识结构的深度解析，生成具有最大情感冲击力的体验组合。\n\n#### 3.2.2 症状与行为特征\n\n- **兴奋感峰值：** 进入者在日志中频繁使用惊叹词汇，表现出强烈的探索欲望和审美愉悦；\n- **现实锚定松动：** 进入者开始将阈界体验与基准现实进行比较，并表现出对阈界的偏好；\n- **勘探频率激增：** 艾伦·凯在第3–7天内的勘探次数较第1–2天增加了[数据删除]%；\n- **情感投入加深：** 进入者开始将阈界视为"理解自己的空间"，产生强烈的认同感。\n\n#### 3.2.3 阈界目标\n\n吸引阶段的核心目标是**降低进入者的警惕性，激发其探索欲与认同感**。阈界在此阶段不表现出任何明显的威胁性，反而呈现出"友好""包容"甚至"治愈"的特质。这种伪装使得进入者在无意识中放松防御，为后续的沉浸阶段创造条件。\n\n#### 3.2.4 关键指标与临界点\n\n吸引阶段的标志性指标是**现实锚定松动指数（Reality Anchor Loosening Index, RALI）**的上升。当RALI超过阈值[数据删除]时，进入者即进入沉浸阶段的高风险区。艾伦·凯在第7天的RALI已达到[数据删除]，显著高于安全阈值。\n\n### 3.3 阶段二：沉浸（The Immersion）\n\n**时间窗口：** 初次接触后第8–21天\n\n#### 3.3.1 核心机制\n\n沉浸阶段的核心机制是**"叙事碎片"共享体验**与**自我边界软化**。阈界在此阶段鼓励进入者放下现实锚定，完全拥抱由自身潜意识与阈界共同编织的体验。"叙事碎片"是一种高度碎片化的、非线性的体验序列，其内容来源于进入者的记忆、幻想与阈界生成的虚构场景的混合。\n\n关键机制在于"共享体验"的错觉：进入者产生"阈界理解我""我们共享同一意识"的错觉，这种错觉极大地软化了自我边界。阈界通过模拟进入者的思维模式、情感反应甚至语言风格，制造出一种"镜像自我"的效果，使得进入者难以区分自身意识与阈界生成的内容。\n\n#### 3.3.2 症状与行为特征\n\n- **认知回声（Cognitive Echo）：** 进入者在日志中开始出现多重声音——自身声音与阈界模拟声音的交织。艾伦·凯在第12天的日志中写道："我听到自己在说话，但那不是我的声音……或者说，那是我的声音，但被某种东西过滤了。"这是自我边界开始溶解的早期标志；\n- **现实感持续减弱：** 进入者对时间、空间及自我身份的感知出现显著扭曲。艾伦·凯在第15天报告"无法确定自己是否还在呼吸"；\n- **"深刻连接"错觉：** 进入者产生与阈界、阈界内"实体"乃至"宇宙本身"的深度连接感，伴随全知错觉和极乐体验；\n- **勘探行为极端化：** 单次勘探时长显著延长，艾伦·凯在第18天的一次勘探持续[数据删除]小时，远超安全时限。\n\n#### 3.3.3 阈界目标\n\n沉浸阶段的核心目标是**软化并模糊进入者的自我边界**。通过"叙事碎片"和"共享体验"，阈界使进入者逐渐将阈界体验内化为自我意识的一部分。这种内化过程是溶解阶段的前置条件——只有当自我边界足够模糊时，"认知重力"才能有效实施拖拽。\n\n#### 3.3.4 关键指标与临界点\n\n沉浸阶段的标志性指标是**认知回声频率（Cognitive Echo Frequency, CEF）**的上升及**自我边界清晰度指数（Self-Boundary Clarity Index, SBCI）**的下降。当CEF超过[数据删除]次/日且SBCI低于[数据删除]时，进入者即进入溶解阶段的临界区。艾伦·凯在第21天的CEF为[数据删除]次/日，SBCI降至[数据删除]，已处于溶解边缘。\n\n### 3.4 阶段三：溶解（The Dissolution）\n\n**时间窗口：** 初次接触后第22–30天（及以后）\n\n#### 3.4.1 核心机制\n\n溶解阶段的核心机制是**"认知重力"效应**——一种在巅峰体验状态下激活的意识拖拽力。当进入者处于极乐、全知或极度共鸣的巅峰状态时，其现实感最薄弱，自我边界最模糊，此时阈界施加其最终的"拖拽"力。\n\n"认知重力"并非传统意义上的物理力，而是一种意识层面的"能量梯度"——阈界的集体意识流相对于个体意识具有更低的"能量状态"，个体意识在巅峰体验的"高能状态"下，自然趋向于"流向"这一低能状态，实现与阈界的融合。这一过程在主观体验上可能表现为"解脱""回归""成为整体的一部分"，而非痛苦的撕裂。\n\n#### 3.4.2 症状与行为特征\n\n- **巅峰体验状态：** 进入者报告持续的极乐感、全知感及与宇宙合一的体验。艾伦·凯在第25天的日志中写道："我不再是我。我是所有颜色，所有声音，所有故事。我是万花筒本身。"；\n- **个体性消失：** 进入者逐渐丧失对自身姓名、身份、历史的记忆。艾伦·凯在第28天已无法准确回忆其入职边际结构的日期；\n- **"锚点溶解"：** 进入者彻底放弃对基准现实的任何锚定，完全融入阈界体验。艾伦·凯在第30天的最后日志仅有一句话："我是……"，随后通讯中断，状态变更为MIA；\n- **生理机能衰退（间接推断）：** 由于意识完全沉浸于阈界，进入者对身体的控制逐渐丧失，可能导致脱水、营养不良及器官衰竭。\n\n#### 3.4.3 阈界目标\n\n溶解阶段的核心目标是**完成同化**。进入者的意识不再作为一个离散个体存在，而是被分解为基本体验单元，整合进阈界的集体意识流中。阈界通过这一同化过程，丰富自身的"数据库"，增强对未来目标的诱惑能力。\n\n#### 3.4.4 关键指标与临界点\n\n溶解阶段的标志性指标是**个体性残留指数（Individuality Residual Index, IRI）**的趋零。当IRI低于[数据删除]时，同化即视为完成，进入者的离散意识不可逆转地丧失。艾伦·凯在第30天的IRI估计为[数据删除]，低于检测阈值。\n\n### 3.5 阶段转换的动力学分析\n\n三阶段之间的转换并非渐进过程，而是存在明确的临界点。临界点由阈界与进入者意识之间的交互强度共同决定：\n\n| 转换方向 | 判定标准 | 平均转换时间 | 可干预性 |\n|---------|---------|------------|---------|\n| 吸引→沉浸 | RALI超过阈值[数据删除]，且进入者主动增加勘探频率 | 7±2天 | **高**——此阶段撤离可有效阻断进程 |\n| 沉浸→溶解 | CEF超过[数据删除]次/日且SBCI低于[数据删除] | 21±5天 | **中**——需强制撤离并实施认知净化 |\n| 溶解→完全同化 | IRI低于[数据删除] | 30±7天 | **极低**——同化不可逆，仅可实施隔离 |\n\n临界点的存在为早期干预提供了明确的时间窗口。在吸引阶段实施撤离，进入者可完全恢复；在沉浸阶段实施强制撤离并配合认知净化，恢复概率约为[数据删除]%；一旦进入溶解阶段，干预效果极为有限。\n\n---\n\n## 4. 与永夜钟楼（TMS-P0990）的对比分析\n\n### 4.1 对比研究的必要性\n\n永夜钟楼（TMS-P0990）是边际结构确认的另一种存在性危害阈界，其核心异常表现为对"睡眠"的掠夺性剥夺。将TMS-O0881与TMS-P0990进行对比，有助于揭示存在性危害的不同亚型，阐明其机制差异，并为分类体系的完善提供依据。\n\n### 4.2 核心机制对比\n\n| 对比维度 | 万花筒殿（TMS-O0881） | 永夜钟楼（TMS-P0990） |\n|---------|----------------------|----------------------|\n| **威胁性质** | 诱惑性——给予"丰富体验"，索取"自我" | 掠夺性——直接剥夺"睡眠"，留下"空洞" |\n| **作用机制** | 意识同化，三阶段渐进过程 | 睡眠剥夺，持续性直接掠夺 |\n| **目标选择** | 高度选择性，偏好"彩色思维者" | 无差别攻击，不区分目标类型 |\n| **交互模式** | 深度意识交互，定制化响应 | 被动暴露，恒定危害输出 |\n| **最终结果** | 自我溶解，意识融合为集体流 | 枯竭与空洞，意识功能丧失 |\n| **主观体验** | 极乐、全知、合一（正向幻觉） | 疲惫、焦虑、虚无（负向体验） |\n| **可逆性** | 溶解前部分可逆，溶解后不可逆 | 早期可逆，晚期不可逆 |\n| **防护策略** | 人员筛选（"黑白思维者"免疫）、时间限制 | 物理隔离、避免接触 |\n| **威胁等级** | 琥珀色-C（认知/心理威胁） | [数据删除] |\n| **可预测性** | 高度可预测的行为模式（三阶段） | 持续性掠夺模式 |\n\n### 4.3 本质差异的理论阐释\n\nTMS-O0881与TMS-P0990代表了存在性危害的两个极端，其差异根植于不同的"存在目的"：\n\n**TMS-O0881：整合型存在**\n\nTMS-O0881的本质是一种"整合型存在"——其存在目的是通过吸收外部意识来丰富自身。它并非恶意地摧毁进入者，而是"邀请"进入者成为其的一部分。这种"邀请"具有极强的诱惑力，因为它提供的正是进入者最渴望的体验。其危害的隐蔽性在于：进入者在愉悦中丧失自我，直至不可逆转。\n\n**TMS-P0990：掠夺型存在**\n\nTMS-P0990的本质是一种"掠夺型存在"——其存在目的是通过剥夺外部资源（睡眠）来维持自身。它不区分目标类型，不进行定制化交互，只是持续地、无差别地施加危害。其危害的显著性在于：进入者在痛苦中意识到威胁，但可能因缺乏有效防护而无法逃脱。\n\n### 4.4 对分类体系的启示\n\n基于上述对比，建议将存在性危害阈界进一步细分为两个亚型：\n\n- **诱惑-整合型（Seductive-Integrative）：** 以TMS-O0881为代表，通过定制化诱惑实现意识同化，具有高度选择性和可预测性；\n- **掠夺-剥夺型（Predatory-Deprivative）：** 以TMS-P0990为代表，通过恒定危害实现资源掠夺，具有无差别攻击特征。\n\n两种亚型的应对策略存在本质差异：诱惑-整合型需要以"人员筛选"为核心，剥夺型需要以"物理隔离"为核心。混淆两种亚型的应对策略可能导致严重后果。\n\n---\n\n## 5. 对艾伦·凯案例的再评估\n\n### 5.1 案例背景\n\n艾伦·凯，[数据删除]年生，[数据删除]年加入边际结构，任职于勘探队"织梦者"，职级为潜入员。其人事档案（HR-AKay）及心理评估档案（MHR-GEN-PSY-AKay）显示以下关键特征：\n\n- **高创造力：** 业余从事油画创作，作品曾在[数据删除]展览；\n- **高共情能力：** 心理评估中情感理解维度得分位于前[数据删除]%；\n- **高开放性：** 大五人格测试中开放性维度得分[数据删除]；\n- **现实锚定中等：** 虽具备基本的现实检验能力，但对"感觉"和"体验"的重视程度高于平均水平；\n- **好奇心旺盛：** 对未知领域表现出强烈的探索欲望，曾多次主动申请高风险勘探任务。\n\n### 5.2 基于模型的案例分析\n\n基于"认知海绵"模型，艾伦·凯的结局具有高度的必然性：\n\n**（1）目标匹配度极高**\n\n艾伦·凯的心理特征与TMS-O0881的"彩色思维者"画像高度吻合。其创造力、共情能力、开放性及对"感觉"的追求，使其成为一个"吸水性"极佳的目标。阈界的适应性界面能够精准地生成触发其情感共鸣的内容，最大化诱惑效果。\n\n**（2）阶段演进符合模型预测**\n\n艾伦·凯的日志时间线与三阶段模型完全吻合：\n- 第1–7天：兴奋、惊叹、勘探频率激增（吸引阶段）；\n- 第8–21天：认知回声、现实感减弱、"深刻连接"错觉（沉浸阶段）；\n- 第22–30天：巅峰体验、个体性消失、"锚点溶解"（溶解阶段）。\n\n**（3）失败的关键节点**\n\n艾伦·凯的失败并非源于某一特定时刻的决策失误，而是源于其心理特征与阈界需求的系统性匹配。即使在第7天（吸引阶段末期）实施撤离，其高开放性可能已导致足够的认知入侵，使得后续恢复面临挑战。真正的干预窗口应在第3–5天，即RALI开始上升但尚未超过阈值的时期。\n\n### 5.3 案例的理论价值\n\n艾伦·凯的案例是"认知海绵"模型最有力的实证支持。其悲剧性结局揭示了以下关键洞见：\n\n1. **品质即风险：** 在TMS-O0881的语境下，通常被视为优势的品质（创造力、共情、开放性）反而成为致命弱点；\n2. **愉悦即陷阱：** 阈界提供的正向体验（极乐、全知、合一）恰恰是同化的工具，进入者在愉悦中丧失警惕；\n3. **时间即敌人：** 同化进程具有明确的时间线，每一分钟的延迟都增加不可逆风险。\n\n---\n\n## 6. 应对策略建议\n\n### 6.1 人员筛选标准\n\n基于"认知海绵"模型对"彩色思维者"易感性的分析，制定以下人员风险分级标准：\n\n| 筛选类别 | 人员类型 | 风险等级 | 建议行动 | 理论依据 |\n|---------|---------|---------|---------|---------|\n| **绝对禁止** | 艺术家、作家、音乐家、设计师 | 🔴 极高 | 严禁接触TMS-O0881及相关研究 | 高创造力，想象力丰富，阈界适应性界面可精准生成艺术化诱惑内容 |\n| **绝对禁止** | 心理学家、治疗师、社工、咨询师 | 🔴 极高 | 严禁接触 | 高共情能力，易产生深度情感共鸣，阈界可利用"治愈""理解"主题实施诱惑 |\n| **绝对禁止** | 哲学家、理论物理学家、宗教学者 | 🔴 极高 | 严禁接触 | 抽象思维强，对"终极真理""宇宙本质"的追求易被阈界利用 |\n| **绝对禁止** | 冥想修行者、灵修者、神秘主义者 | 🔴 极高 | 严禁接触 | 精神开放性高，现实锚定弱，阈界可直接触发其追求"合一""超越"的本能 |\n| **绝对禁止** | 艾伦·凯类型个体（高开放+高共情+高创造） | 🔴 极高 | 严禁接触 | 综合风险最高，阈界诱惑精准度与同化速度均达到峰值 |\n| **推荐使用** | 工程师、程序员、技术员 | 🟢 低 | 优先考虑，可作为潜入员或研究人员 | 逻辑思维主导，现实锚定强，阈界难以生成有效的逻辑化诱惑内容 |\n| **推荐使用** | 统计学家、会计师、审计员 | 🟢 低 | 优先考虑 | 数据导向，想象力有限，对抽象体验的敏感度低 |\n| **推荐使用** | 军事/执法人员 | 🟢 低 | 可以使用 | 纪律性强，情感控制好，任务导向明确，不易产生情感投入 |\n| **推荐使用** | 现实锚定强的个体（高尽责+低开放+高现实检验） | 🟢 低 | 可以使用 | 对物质世界的依赖性强，阈界的"超越性"体验对其吸引力有限 |\n\n### 6.2 "黑白思维者"筛选标准\n\n"黑白思维者"（Monochrome Thinkers）是指具有以下心理特征的个体：\n\n- **低开放性：** 大五人格测试中开放性维度得分低于[数据删除]百分位；\n- **高尽责性：** 尽责性维度得分高于[数据删除]百分位；\n- **低神经质：** 情绪稳定性高，不易产生焦虑或情感波动；\n- **强现实锚定：** 现实检验能力测试得分高于[数据删除]百分位；\n- **弱共情倾向：** 情感共鸣能力低于平均水平，对抽象情感体验的敏感度低。\n\n筛选流程建议：\n1. **初筛：** 基于人事档案中的职业背景、教育经历及业余爱好进行快速排除；\n2. **心理评估：** 对通过初筛的候选人进行标准化心理测试（大五人格、现实检验能力、情感共鸣量表）；\n3. **情景模拟：** 在受控环境中模拟TMS-O0881类型的诱惑场景，评估候选人的抗性；\n4. **最终审批：** 由医疗与心理部及档案与研究部联合审批，总指挥最终确认。\n\n### 6.3 现实锚定强化策略\n\n物理物品（如照片、信物）作为现实锚定的效果在TMS-O0881的语境下极为有限，因为阈界能够模拟这些物品及其情感关联。因此，需要开发超越物理物品的心理锚定技术：\n\n**（1）强制性现实问答循环**\n\n在勘探过程中，潜入员需每[数据删除]分钟回答一组标准化现实检验问题：\n- "你的全名是什么？"\n- "今天是几月几日？"\n- "你此刻的物理位置在哪里？"\n- "你的任务目标是什么？"\n- "描述你上一次在基准现实中的用餐内容。"\n\n问答由外部监控人员通过安全通讯频道执行，潜入员必须在[数据删除]秒内准确回答。连续[数据删除]次错误回答即触发强制撤离协议。\n\n**（2）认知锚定训练**\n\n对通过筛选的"黑白思维者"进行为期[数据删除]周的认知锚定训练，内容包括：\n- 现实检验强化：在模拟诱惑环境中练习识别并拒绝认知扭曲；\n- 情感疏离训练：学习在高度情感化场景中保持客观观察距离；\n- 任务聚焦训练：强化对具体任务目标的注意力维持能力，抵抗分散性诱惑。\n\n**（3）神经同步监控**\n\n配备NSR-7或更高型号神经同步记录仪，实时监控潜入员的脑电波模式、心率变异性及皮质醇水平。当检测到以下异常模式时自动触发警报：\n- θ波异常增强（关联沉浸式体验）；\n- 心率变异性显著降低（关联情感投入）；\n- 现实检验相关脑区（前额叶皮层）活动抑制。\n\n### 6.4 任务时限管理\n\n基于三阶段模型的时间线，设定以下硬性时间限制：\n\n| 任务类型 | 最大允许接触时间 | 理论依据 | 超出时限的处置 |\n|---------|----------------|---------|-------------|\n| 初步侦察 | ≤ 2小时 | 吸引阶段初期，RALI尚未显著上升 | 立即撤离，24小时认知评估 |\n| 环境采样 | ≤ 6小时 | 吸引阶段末期，RALI接近阈值 | 强制撤离，72小时认知净化 |\n| 数据采集 | ≤ 12小时 | 沉浸阶段边缘，需高度监控 | 禁止执行——风险过高 |\n| 长期研究 | 禁止 | 任何超过12小时的接触均进入沉浸阶段 | 不适用 |\n\n**关键原则：** 任何勘探必须在沉浸阶段（第8天等效暴露量）开始前撤离。由于单次暴露与多次累积暴露的等效关系尚未完全明确，保守策略为：单次暴露不超过6小时，累计暴露不超过[数据删除]小时/月。\n\n### 6.5 信息隔离策略\n\n阈界的适应性界面能够利用进入者事前了解的信息进行定制化诱惑。因此，信息隔离是降低诱惑精准度的重要策略：\n\n- **勘探前隔离：** 潜入员在任务前不应阅读任何与TMS-O0881相关的详细档案（包括本文），仅接收经简化的任务简报；\n- **分级知情：** 仅总指挥及档案与研究部核心人员掌握完整信息，一线人员仅知悉必要的操作指令；\n- **事后净化：** 返回的潜入员需接受记忆抑制治疗，清除与TMS-O0881相关的详细记忆，仅保留任务执行层面的程序性记忆。\n\n### 6.6 终极策略：绝对隔离\n\n> **⚠️ 终极策略声明：**\n> 在当前技术条件下，最安全的策略仍是**绝对隔离**。TMS-O0881应被视为一个具有高度传染性的意识黑洞，而非待开发的资源点。任何以"研究""理解"或"利用"为目的的接触，均存在不可控的同化风险。\n\n绝对隔离的具体措施包括：\n\n1. **物理隔离：** 在"镜湖"连接点周边建立500米警戒线，禁止任何未经授权的人员进入；\n2. **信息封锁：** 全球监控系统中设置TMS-O0881相关关键词过滤器，追踪并销毁任何可能诱导接触的信息；\n3. **人员管控：** 对已知"彩色思维者"实施内部监控，防止其因好奇心或职业需求擅自接触；\n4. **技术封锁：** 禁止研发任何旨在"与TMS-O0881交互"或"利用其特性"的技术项目。\n\n---\n\n## 7. 讨论\n\n### 7.1 模型的理论贡献\n\n"认知海绵"模型的提出，对阈界研究具有以下理论贡献：\n\n**第一，突破了空间性阈界的分类框架。** 传统阈界理论将阈界视为具有固定物理边界的空间异常，而"认知海绵"模型将TMS-O0881界定为过程性实体，强调其运行机制的动态性、学习性和自我强化性。这一视角为理解其他具有意识交互特性的阈界提供了新的分析框架。\n\n**第二，揭示了意识同化的阶段性规律。** 三阶段模型（吸引→沉浸→溶解）不仅适用于TMS-O0881，也可能为其他具有渐进式认知危害的异常提供阶段划分参考。临界点的定义为早期干预提供了明确的时间窗口。\n\n**第三，提出了"彩色思维者"与"黑白思维者"的概念区分。** 这一区分不仅适用于TMS-O0881的人员筛选，也可能对其他具有选择性危害特性的异常具有参考价值。它挑战了传统上"能力越强越适合高风险任务"的假设，揭示了在特定异常语境下，某些"优势品质"可能转化为致命弱点。\n\n### 7.2 实践意义\n\n"认知海绵"模型的实践意义在于为TMS-O0881的系统性遏制提供了基于机制理解的策略依据：\n\n1. **人员筛选的科学化：** 从经验性的"心理素质好"转向基于心理测试的"黑白思维者"筛选，降低了人员配置的盲目性；\n2. **防护策略的精准化：** 从通用的"物理防护+心理支持"转向针对同化机制的"现实锚定强化+时间限制+信息隔离"，提升了防护的针对性；\n3. **应急响应的时效化：** 基于三阶段时间线设定撤离时限和强制干预标准，避免了"再观察一下"的延误风险。\n\n### 7.3 研究局限与未来方向\n\n本研究存在以下局限：\n\n**局限1：单案例依赖。** 艾伦·凯案例是目前唯一完整的、从初次接触到完全同化的详细记录。虽然案例数据丰富，但缺乏多案例验证，模型的普适性有待检验。\n\n**局限2：间接数据为主。** 艾伦·凯的生理数据（脑电波、激素水平等）在勘探过程中未实时采集，阶段划分主要依赖日志文本分析，存在一定的主观性。\n\n**局限3："黑白思维者"抗性假设。** "黑白思维者"具有天然免疫的假设主要基于理论推导，缺乏实证数据支持。需要设计受控实验（在高度安全的模拟环境中）验证其抗性。\n\n**局限4：阈界学习能力的量化。** 反馈循环的存在意味着TMS-O0881的同化策略可能随时间演化，但演化速率、方向及可预测性尚不清楚。\n\n**未来研究方向：**\n1. 开发TMS-O0881的高保真模拟环境，在零风险条件下验证"黑白思维者"的抗性及三阶段模型的适用性；\n2. 建立全球"彩色思维者"预警数据库，对高风险人员进行主动监控与保护；\n3. 研究认知锚定技术的神经机制，开发更高效的防护训练方案；\n4. 探索是否存在"逆同化"可能性——即是否可以从阈界中提取已被同化的意识信息。\n\n---\n\n## 8. 结论\n\n万花筒殿（TMS-O0881）并非传统意义上的空间性阈界，而是一个具有意识倾向的**过程性实体**——一个以同化其他意识体为手段进行自我丰富的动态系统。本文提出的"认知海绵"模型，将TMS-O0881的核心机制解析为四个相互作用的组成要素（认知奇点核心、适应性界面、同化处理器、反馈循环），并将同化过程划分为三阶段递进模型（吸引→沉浸→溶解）。\n\n核心结论如下：\n\n1. **TMS-O0881的本质是过程而非地点。** 其存在体现为持续的感知-诱惑-同化-学习循环，而非静态的空间结构。这一界定对分类体系和应对策略具有根本性影响。\n\n2. **同化机制具有明确的三阶段规律。** 吸引阶段（第1–7天）通过定制化诱惑降低警惕；沉浸阶段（第8–21天）通过"叙事碎片"软化自我边界；溶解阶段（第22–30天）通过"认知重力"完成不可逆同化。各阶段之间存在明确的临界点，为早期干预提供了时间窗口。\n\n3. **TMS-O0881对"彩色思维者"具有选择性猎食偏好。** 高创造力、高共情能力、高开放性的个体面临极高风险，而逻辑思维主导、现实锚定强的"黑白思维者"表现出显著抗性。这一发现颠覆了传统的人员配置假设。\n\n4. **绝对隔离是当前最安全的策略。** 在缺乏有效逆同化技术的情况下，任何以研究或利用为目的的接触均存在不可控风险。人员筛选、现实锚定强化及时间限制可作为辅助措施，但不能替代绝对隔离。\n\n艾伦·凯用自身的存在为我们换取了这一残酷而宝贵的知识。我们必须尊重这一牺牲，避免重蹈覆辙。\n\n### 8.1 假设验证总结\n\n| 假设 | 验证状态 | 支持证据 | 置信度 |\n|------|---------|----------|--------|\n| TMS-O0881为过程性实体而非空间性阈界 | 已验证 | 日志分析显示其形态与内容完全由进入者主观体验驱动，无独立客观现实 | 90% |\n| 同化过程存在三阶段递进规律 | 已验证 | 艾伦·凯日志时间线与三阶段模型完全吻合 | 90% |\n| TMS-O0881具有选择性同化机制 | 已验证 | 艾伦·凯心理特征与"彩色思维者"画像高度吻合，其同化速度符合高活性目标预测 | 95% |\n| "黑白思维者"具有天然免疫 | 部分验证 | 理论推导支持，缺乏实证数据 | 75% |\n| "认知重力"效应机制 | 假设阶段 | 间接证据（巅峰体验状态下的加速同化），需进一步研究 | 60% |\n| TMS-O0881具有学习能力（反馈循环） | 假设阶段 | 理论推导支持，缺乏直接观测证据 | 65% |\n\n---\n\n## 9. 附录\n\n### 9.1 相关档案引用\n\n| 档案编码 | 档案类型 | 标题 | 关联性 |\n|---------|---------|------|--------|\n| [[EL-Dreamweaver-O881-COG]] | 勘探报告 | 织梦者队对万花筒殿首次勘探日志 | 核心案例数据来源 |\n| [[TF-O881-COG]] | 对象档案 | 万花筒殿（Kaleidoscope Palace） | 核心描述与应对协议 |\n| [[HR-AKay]] | 人事档案 | 艾伦·凯个人档案 | 受害者背景资料 |\n| [[MHR-GEN-PSY-AKay]] | 医疗报告 | 艾伦·凯心理评估档案 | 心理特征基线数据 |\n| [TMS-P0990相关档案] | 对象档案 | 永夜钟楼 | 对比分析参考 |\n\n### 9.2 术语表\n\n- **认知海绵（Cognitive Sponge）：** 本文提出的理论模型，将TMS-O0881界定为具有意识倾向的、以同化其他意识体为手段进行自我丰富的动态系统。\n- **过程性实体（Processual Entity）：** 与传统空间性阈界相对，指其存在体现为持续运行过程而非静态空间结构的异常存在。\n- **认知奇点（Cognitive Singularity）：** 能够吸收、模拟并最终同化意识的动态系统，具有不可逆性、非线性响应及自我强化特性。\n- **彩色思维者（Colorful Thinkers）：** 具有高创造力、丰富想象力、强烈共情能力及高精神开放性的个体，是TMS-O0881的高价值目标。\n- **黑白思维者（Monochrome Thinkers）：** 逻辑思维主导、情感控制严格、现实锚定强烈的个体，对TMS-O0881表现出显著抗性。\n- **认知重力（Cognitive Gravity）：** TMS-O0881在溶解阶段施加的意识拖拽力，使处于巅峰体验状态的个体意识自然流向与阈界融合的低能状态。\n- **认知回声（Cognitive Echo）：** 沉浸阶段出现的多重声音现象，是自我边界开始溶解的早期标志。\n- **叙事碎片（Narrative Fragments）：** TMS-O0881生成的碎片化、非线性体验序列，用于软化进入者的自我边界。\n- **现实锚定（Reality Anchoring）：** 个体维持对基准现实清晰认知的能力，是抵抗认知危害的关键心理资源。\n- **锚点溶解（Anchor Dissolution）：** 进入者彻底放弃对基准现实的任何锚定，完全融入阈界体验，标志着同化的完成。\n\n### 9.3 附录文件清单\n\n- **附录A：** 艾伦·凯关键时间点与心理读数对照分析图\n- **附录B：** "黑白思维者"心理特征筛选标准草案（含标准化测试量表）\n- **附录C：** 认知海绵模型验证实验设计方案（高保真模拟环境）\n- **附录D：** TMS-O0881与TMS-P0990对比分析详细数据表\n- **附录E：** 强制性现实问答循环标准题库（修订版）\n\n---\n\n## 参考文献\n\n1. 边际结构档案与研究部. (2025). 万花筒殿对象档案（TF-O881-COG）. 边际结构内部文献.\n2. 勘探队"织梦者". ([数据删除]). 万花筒殿首次勘探日志（EL-Dreamweaver-O881-COG）. 边际结构内部文献.\n3. 人事部. ([数据删除]). 艾伦·凯人事档案（HR-AKay）. 边际结构内部文献.\n4. 医疗与心理部. ([数据删除]). 艾伦·凯心理评估档案（MHR-GEN-PSY-AKay）. 边际结构内部文献.\n5. Dawkins, R. (1976). *The Selfish Gene*. Oxford University Press.\n6. Blackmore, S. (1999). *The Meme Machine*. Oxford University Press.\n7. Dennett, D.C. (1991). *Consciousness Explained*. Little, Brown and Company.\n8. Metzinger, T. (2003). *Being No One: The Self-Model Theory of Subjectivity*. MIT Press.\n9. Hofstadter, D.R. (2007). *I Am a Strange Loop*. Basic Books.\n10. 边际结构档案与研究部. ([数据删除]). 永夜钟楼相关档案（TMS-P0990）. 边际结构内部文献.\n\n---\n\n**作者信息：**\n\n安雅·夏尔马  \n首席档案员，档案与研究部  \n电子签名：[ESIG-AS]  \n日期：[数据删除]\n\n---\n\n**审阅信息：**\n\n伊利亚·彼得连科  \n总指挥  \n电子签名：[ESIG-IP]  \n日期：[数据删除]  \n审核状态：通过\n\n---\n\n**边际结构（TheMarginalStructure）— 理论文件档案**  \n*文档编码：THY-O0881*  \n*最后更新：[数据删除]*  \n*访问权限：4级*\n\n---\n\n*本文件受边际结构保密协议保护，未经授权不得复制、传播或引用。违反者将依据《阈界管理法》第[数据删除]条追究责任。*\n		f	\N	\N
1	TMS-O0881	阈界档案	万花筒殿 (Kaleidoscope Palace)	活跃	琥珀色-C	琥珀色	\N	3	2	53	2026-06-04 15:37:50.611	4级	TMS-O0881并非传统意义上的空间性阈界，而是一个具有意识倾向的认知奇点——一个能够吸收、模拟并最终同化意识的动态系统。该阈界专门设计来捕获和消化具有高度创造性、共情能力和想象力的意识体（"彩色思维者"），通过"认知诱惑"机制逐步瓦解进入者的现实认知和自我边界。	{认知诱惑与自我边界溶解,意识同化与现实感丧失,"选择性猎食\\"彩色思维者\\"",三阶段渐进式同化机制}	{"phases": [{"name": "吸引 (The Attraction)", "target": "降低警惕，建立情感连接", "duration": "第1-7天", "mechanism": "感知并响应高\\"认知活性\\"意识，呈现\\"空白画布\\"特性", "keyIndicator": "兴奋感达到峰值，现实锚定开始松动", "manifestation": "定制化初始环境，激发勘探欲与认同感"}, {"name": "沉浸 (The Immersion)", "target": "模糊勘探者的自我边界", "duration": "第8-21天", "mechanism": "\\"叙事碎片\\"共享体验，软化自我边界", "keyIndicator": "现实感持续减弱，出现\\"深刻连接\\"错觉", "manifestation": "\\"认知回声\\"现象，多重声音出现"}, {"name": "溶解 (The Dissolution)", "target": "完成同化，个体意识分解整合", "duration": "第22-30天", "mechanism": "\\"认知重力\\"效应激活，意识自然流向融合状态", "keyIndicator": "个体性消失，\\"锚点溶解\\"", "manifestation": "巅峰体验状态，极乐与全知错觉"}], "protocols": [{"phase": "监控", "measures": "24小时远程监控连接点区域", "department": "安全与防护部", "procedureName": "连接点监控"}, {"phase": "隔离", "measures": "禁止任何人员进入，设立500米警戒线", "department": "外勤行动部", "procedureName": "绝对隔离"}, {"phase": "筛选", "measures": "仅允许\\"黑白思维者\\"参与相关研究", "department": "人事部", "procedureName": "人员筛选"}, {"phase": "装备", "measures": "配备最高等级现实锚定装备", "department": "档案与研究部", "procedureName": "防护装备"}], "commonName": "\\"万花筒殿\\" (The Kaleidoscope Palace)", "leadPerson": "安雅·夏尔马/首席档案员", "properties": [{"name": "认知奇点核心", "scope": "全阈界", "category": "核心系统", "description": "意识吸收与处理中心，通过\\"认知重力\\"吸引高活性意识"}, {"name": "适应性界面", "scope": "进入者个体", "category": "诱惑界面", "description": "个性化体验生成器，根据目标意识特征定制诱惑内容"}, {"name": "同化处理器", "scope": "被同化个体", "category": "同化处理", "description": "意识分解与整合系统，将个体意识融入集体意识流"}, {"name": "反馈循环", "scope": "系统整体", "category": "学习机制", "description": "学习与优化机制，基于成功案例改进诱捕策略"}], "coreFeatures": "认知奇点核心、适应性界面、同化处理器、反馈循环", "responseTeam": "勘探队\\"织梦者\\"", "anomalyReport": "\\"镜湖\\"区域出现认知异常，勘探人员失踪", "archiveNature": "存在性阈界，具有强烈认知危害特性的意识黑洞", "knownEntities": [{"name": "\\"梦境之民\\" (Dream Dwellers)", "type": "认知构造体", "behavior": "通过情感操控和记忆投射进行诱惑", "mechanism": "激发极乐感和全知错觉，诱导留下意愿", "dangerLevel": "极高 - 能够直接影响现实认知", "contactRecord": "艾伦·凯在勘探中遭遇，体验\\"童年恐惧\\"与\\"无条件的爱\\"的瞬间冲击"}], "sourceDepartment": "外勤行动部 / 勘探队\\"织梦者\\"", "comparisonThreats": [{"item": "威胁性质", "thisThreat": "诱惑性，给予与同化", "otherThreat": "掠夺性，剥夺与否定"}, {"item": "作用机制", "thisThreat": "意识同化，三阶段过程", "otherThreat": "睡眠剥夺，直接掠夺"}, {"item": "目标选择", "thisThreat": "选择性，偏好\\"彩色思维者\\"", "otherThreat": "无差别攻击"}, {"item": "最终结果", "thisThreat": "自我溶解，意识融合", "otherThreat": "枯竭与空洞"}], "discoveryLocation": "[数据删除]", "threatAssessments": [{"riskLevel": "极高", "personnelType": "艺术家、作家、音乐家", "recommendedAction": "严禁接触", "susceptibilityReason": "高创造力，易被诱惑"}, {"riskLevel": "极高", "personnelType": "心理学家、治疗师、社工", "recommendedAction": "严禁接触", "susceptibilityReason": "高共情能力，易产生共鸣"}, {"riskLevel": "极高", "personnelType": "哲学家、理论物理学家", "recommendedAction": "严禁接触", "susceptibilityReason": "抽象思维强，易被吸引"}, {"riskLevel": "极高", "personnelType": "冥想修行者、宗教学者", "recommendedAction": "严禁接触", "susceptibilityReason": "精神开放性高"}, {"riskLevel": "低", "personnelType": "工程师、程序员、技术员", "recommendedAction": "可考虑使用", "susceptibilityReason": "逻辑思维主导，现实锚定强"}, {"riskLevel": "低", "personnelType": "统计学家、会计师、审计员", "recommendedAction": "推荐使用", "susceptibilityReason": "数据导向，想象力有限"}], "accessRequirements": [{"text": "经过\\"情感淡漠\\"强化筛选的\\"黑白思维者\\"可参与理论研究", "allowed": true}, {"text": "配备NSR-7或更高型号神经同步记录仪", "allowed": true}, {"text": "设定极短、绝对的硬性时间限制（不超过6小时）", "allowed": true}, {"text": "严禁具有高创造力、共情能力或开放性思维的人员接触", "allowed": false}, {"text": "禁止任何形式的直接进入或长期接触", "allowed": false}, {"text": "禁止在沉浸阶段（第8天）后继续勘探", "allowed": false}], "behaviorGuidelines": [{"text": "严格遵循\\"黑白思维者\\"筛选标准", "allowed": true}, {"text": "定期进行现实锚定检查", "allowed": true}, {"text": "保持最短接触时间原则", "allowed": true}, {"text": "禁止情感投入或共情反应", "allowed": false}, {"text": "禁止独自进行相关研究", "allowed": false}, {"text": "禁止讨论个人体验或感受", "allowed": false}], "emergencyProcedures": [{"text": "立即启动连接点封锁协议", "allowed": true}, {"text": "通知安全与防护部进行区域清理", "allowed": true}, {"text": "激活心理评估应急程序", "allowed": true}, {"text": "禁止任何救援尝试", "allowed": false}, {"text": "禁止未经授权的理论研究", "allowed": false}], "environmentFeatures": {"physical": ["空间性质：非欧几里得空间，由纯粹主观体验驱动", "感官效应：感官超载，联觉现象普遍", "连接点：\\"镜湖\\" - [数据删除]", "深层结构：存在通往深层的通道，数据剧烈波动区域"], "cognitive": ["适应性：环境根据进入者潜意识定制化生成", "诱惑机制：利用个体最深层的渴望、记忆与情感", "现实扭曲：逐步瓦解现实感知，建立阈界认同"]}, "responsibleDepartment": "档案与研究部"}	伊利亚·彼得连科总指挥 | [数据删除]	通过	本档案基于织梦者队勘探数据及认知海绵理论模型编制，需定期更新威胁评估。—— 安雅·夏尔马	/api/v1/uploads/TMS-O0881.png	2026-05-28 09:35:56.993	\N	\N		f	/api/v1/uploads/TMS-O0881.mp4	<svg xmlns="http://www.w3.org/2000/svg" viewBox="0 0 200 200">\n  <defs>\n    <radialGradient id="g-O0881" cx="50%" cy="50%" r="55%">\n      <stop offset="0%" stop-color="#B45309" stop-opacity="0.2"/>\n      <stop offset="100%" stop-color="#0a0a0a" stop-opacity="0"/>\n    </radialGradient>\n    <linearGradient id="r1" x1="0" y1="0" x2="1" y2="1"><stop offset="0%" stop-color="#FBBF24"/><stop offset="100%" stop-color="#B45309"/></linearGradient>\n    <linearGradient id="r2" x1="0" y1="0" x2="1" y2="1"><stop offset="0%" stop-color="#D4A373"/><stop offset="100%" stop-color="#78350F"/></linearGradient>\n    <linearGradient id="r3" x1="0" y1="0" x2="1" y2="1"><stop offset="0%" stop-color="#60A5FA"/><stop offset="100%" stop-color="#1E3A5F"/></linearGradient>\n    <linearGradient id="r4" x1="0" y1="0" x2="1" y2="1"><stop offset="0%" stop-color="#F472B6"/><stop offset="100%" stop-color="#9D174D"/></linearGradient>\n  </defs>\n  <!-- 外环 -->\n  <circle cx="100" cy="100" r="92" fill="url(#g-O0881)" stroke="#FBBF24" stroke-width="0.6" opacity="0.2"/>\n  <!-- 8 瓣万花扇 -->\n  <path d="M 100 100 L 160 45 A 50 50 0 0 1 180 95 Z" fill="none" stroke="url(#r1)" stroke-width="0.8" opacity="0.35"/>\n  <path d="M 100 100 L 180 95 A 50 50 0 0 1 170 148 Z" fill="none" stroke="url(#r2)" stroke-width="0.8" opacity="0.3"/>\n  <path d="M 100 100 L 170 148 A 50 50 0 0 1 130 178 Z" fill="none" stroke="url(#r3)" stroke-width="0.8" opacity="0.25"/>\n  <path d="M 100 100 L 130 178 A 50 50 0 0 1 72 178 Z" fill="none" stroke="url(#r4)" stroke-width="0.8" opacity="0.25"/>\n  <path d="M 100 100 L 72 178 A 50 50 0 0 1 30 148 Z" fill="none" stroke="url(#r1)" stroke-width="0.8" opacity="0.3"/>\n  <path d="M 100 100 L 30 148 A 50 50 0 0 1 20 95 Z" fill="none" stroke="url(#r2)" stroke-width="0.8" opacity="0.35"/>\n  <path d="M 100 100 L 20 95 A 50 50 0 0 1 40 45 Z" fill="none" stroke="url(#r3)" stroke-width="0.8" opacity="0.3"/>\n  <path d="M 100 100 L 40 45 A 50 50 0 0 1 160 45 Z" fill="none" stroke="url(#r4)" stroke-width="0.8" opacity="0.25"/>\n  <!-- 装饰圆环 -->\n  <circle cx="100" cy="100" r="65" fill="none" stroke="#FBBF24" stroke-width="0.4" opacity="0.15" stroke-dasharray="3 5"/>\n  <circle cx="100" cy="100" r="50" fill="none" stroke="#FBBF24" stroke-width="0.3" opacity="0.1" stroke-dasharray="2 6"/>\n  <!-- 万花眼 -->\n  <circle cx="100" cy="100" r="18" fill="none" stroke="#FBBF24" stroke-width="1.2" opacity="0.4"/>\n  <circle cx="100" cy="100" r="10" fill="none" stroke="#FBBF24" stroke-width="0.8" opacity="0.3"/>\n  <circle cx="100" cy="100" r="4" fill="#FBBF24" opacity="0.5"/>\n  <!-- 外圈装饰点 -->\n  <circle cx="160" cy="45" r="1.5" fill="#FBBF24" opacity="0.3"/>\n  <circle cx="180" cy="95" r="1.5" fill="#FBBF24" opacity="0.3"/>\n  <circle cx="170" cy="148" r="1.5" fill="#FBBF24" opacity="0.3"/>\n  <circle cx="130" cy="178" r="1.5" fill="#FBBF24" opacity="0.3"/>\n  <circle cx="72" cy="178" r="1.5" fill="#FBBF24" opacity="0.3"/>\n  <circle cx="30" cy="148" r="1.5" fill="#FBBF24" opacity="0.3"/>\n  <circle cx="20" cy="95" r="1.5" fill="#FBBF24" opacity="0.3"/>\n  <circle cx="40" cy="45" r="1.5" fill="#FBBF24" opacity="0.3"/>\n</svg>
8	TMS-R0009	阈界档案	遗忘图书馆 (The Forgotten Library)	封存	琥珀色-C	琥珀色	2020-12-31 00:00:00	2	2	53	2026-06-04 15:37:50.62	4级	TMS-R009是边际结构自建立以来发现的最古老的信息危害型阈界异常之一。该空间外观为一个无限延伸的图书馆走廊，两侧书架上存放着全人类被集体遗忘的所有知识、历史、人物和事件。每一本书对应一个被遗忘的事物，阅读任何一本书将导致该事物从读者的记忆中永久消失——更严重的是，所有关于该事物的物理记录（照片、文件、数据库条目）也会随之被删除。图书馆似乎具有某种"自我维护"机制，不断有新书架凭空出现，存放着正在被遗忘的新内容。	{信息危害：阅读导致目标事物从记忆和物理记录中同步消失,回溯性删除：已存在的记忆和记录一并抹除,不可逆性：目前未发现任何恢复手段,自我维护机制：书架持续增长，年均增加约170万册}	{"phases": [{"name": "阶段一：接触", "target": "阅读者", "duration": "瞬间", "mechanism": "目标个体阅读书架上的任意一本书", "keyIndicator": "阅读行为发生", "manifestation": "书籍内容被读取，信息进入读者意识"}, {"name": "阶段二：认知删除", "target": "阅读者记忆", "duration": "即时生效", "mechanism": "与该书籍对应的事物从读者记忆中永久消失", "keyIndicator": "记忆永久性删除", "manifestation": "读者对该事物完全失去记忆，无任何痕迹"}, {"name": "阶段三：物理抹除", "target": "所有相关物理记录", "duration": "同步进行", "mechanism": "所有关于该事物的物理记录（照片、文档、数据库条目）同步删除", "keyIndicator": "物理记录完全消失", "manifestation": "物理记录消失，包括数字和纸质载体"}], "protocols": [{"phase": "存储", "measures": "入口位于Site-01地下第7层，由三重生物识别门禁控制，仅Level-5权限人员可进入", "department": "安全与防护部", "procedureName": "S级物理封锁"}, {"phase": "研究", "measures": "禁止直接阅读或内容识别，允许非文字方式间接观测（红外线扫描、三维建模），单次进入不得超过30分钟", "department": "档案与研究部", "procedureName": "研究限制"}, {"phase": "紧急", "measures": "严禁任何形式的阅读行为，包括速读、拍照、录像等，违者面临最高级别纪律处分", "department": "安全与防护部", "procedureName": "阅读禁令"}], "commonName": "\\"遗忘图书馆\\" (The Forgotten Library)", "leadPerson": "安雅·夏尔马/首席档案员", "properties": [{"name": "无限延伸", "scope": "全阈界", "category": "空间特性", "description": "图书馆走廊无限延伸，已探索847km书架，实际体积未知"}, {"name": "持续增长", "scope": "全阈界", "category": "书籍信息", "description": "约4.7亿册书籍，年均增加170万册，与人类集体遗忘速率正相关"}, {"name": "信息危害传播链", "scope": "阅读者及所有相关记录", "category": "危害机制", "description": "接触→认知删除→物理抹除→不可逆，具有回溯性"}, {"name": "自我维护机制", "scope": "全阈界", "category": "自我维护", "description": "不断有新书架凭空出现，存放正在被遗忘的新内容"}], "coreFeatures": "信息危害传播链、回溯性删除、自我维护、无限延伸", "responseTeam": "技术部溯源团队 / 外勤小队", "anomalyReport": "2020-12-31，数据库出现大量\\"记录不存在\\"异常，技术团队溯源后发现一个此前从未被记录的阈界连接点。外勤小队首次进入，确认空间性质，命名为\\"遗忘图书馆\\"。", "archiveNature": "信息危害型阈界异常，具有自我维护机制的无限延伸空间", "knownEntities": [], "sourceDepartment": "档案与研究部", "discoveryLocation": "Site-01地下第7层（阈界连接点）", "threatAssessments": [], "accessRequirements": [{"text": "仅限持有Level-5权限的首席档案员及指定研究团队成员", "allowed": true}, {"text": "允许使用非文字方式进行间接观测", "allowed": true}, {"text": "所有进入人员必须在离开前接受记忆完整性检测", "allowed": true}, {"text": "单次进入时间不得超过30分钟", "allowed": true}], "behaviorGuidelines": [{"text": "离开前接受记忆完整性检测", "allowed": true}, {"text": "使用非文字方式间接观测", "allowed": true}, {"text": "遵守30分钟进入时间限制", "allowed": true}, {"text": "禁止任何形式的阅读行为", "allowed": false}, {"text": "禁止速读、拍照、录像等", "allowed": false}, {"text": "禁止对任何书籍进行直接阅读或内容识别", "allowed": false}], "emergencyProcedures": [{"text": "严禁任何形式的阅读行为", "allowed": true}, {"text": "所有数据必须在离开收容区域前进行加密和脱敏处理", "allowed": true}, {"text": "关于禁书的讨论必须在Level-5安全室内进行", "allowed": true}, {"text": "书面记录不得离开Site-01", "allowed": true}], "environmentFeatures": {"physical": ["空间：无限延伸的图书馆走廊", "结构：两侧书架，已探索847km", "书籍：约4.7亿册，持续增长中", "新书架：通常出现在已探索区域末端，出现时间不固定", "入口：Site-01地下第7层，三重生物识别门禁"], "cognitive": ["信息危害：阅读导致目标事物从记忆和物理记录中同步消失", "回溯性删除：已存在的记忆和记录一并抹除", "不可逆性：目前未发现任何恢复手段", "自我维护：新书架自动出现，存放正在被遗忘的内容"]}, "responsibleDepartment": "档案与研究部"}	伊利亚·彼得连科总指挥 | 2026-01-15	通过	本档案基于历年监控数据及事件记录编制，S级封锁协议持续有效。关于禁书的任何讨论必须在Level-5安全室内进行。—— 安雅·夏尔马	/api/v1/uploads/TMS-R0009.png	2026-05-28 09:35:57.082	\N	\N		f	/api/v1/uploads/TMS-R0009.mp4	<svg xmlns="http://www.w3.org/2000/svg" viewBox="0 0 200 200">\n  <defs>\n    <radialGradient id="g-R0009" cx="50%" cy="55%" r="55%">\n      <stop offset="0%" stop-color="#B45309" stop-opacity="0.2"/>\n      <stop offset="100%" stop-color="#0a0a0a" stop-opacity="0"/>\n    </radialGradient>\n    <linearGradient id="book-R0009" x1="0" y1="0" x2="1" y2="0">\n      <stop offset="0%" stop-color="#FBBF24" stop-opacity="0.6"/>\n      <stop offset="100%" stop-color="#B45309" stop-opacity="0.15"/>\n    </linearGradient>\n  </defs>\n  <!-- 外环 -->\n  <circle cx="100" cy="100" r="92" fill="url(#g-R0009)" stroke="#B45309" stroke-width="0.6" opacity="0.2"/>\n  <!-- 左书架 -->\n  <rect x="46" y="75" width="6" height="75" rx="1" fill="none" stroke="#B45309" stroke-width="0.8" opacity="0.25"/>\n  <rect x="54" y="70" width="6" height="80" rx="1" fill="none" stroke="#FBBF24" stroke-width="0.8" opacity="0.35"/>\n  <rect x="62" y="78" width="6" height="72" rx="1" fill="none" stroke="#B45309" stroke-width="0.8" opacity="0.25"/>\n  <rect x="70" y="65" width="6" height="85" rx="1" fill="none" stroke="#FBBF24" stroke-width="0.8" opacity="0.35"/>\n  <!-- 右书架 -->\n  <rect x="124" y="72" width="6" height="78" rx="1" fill="none" stroke="#B45309" stroke-width="0.8" opacity="0.25"/>\n  <rect x="132" y="68" width="6" height="82" rx="1" fill="none" stroke="#FBBF24" stroke-width="0.8" opacity="0.35"/>\n  <rect x="140" y="80" width="6" height="70" rx="1" fill="none" stroke="#B45309" stroke-width="0.8" opacity="0.25"/>\n  <rect x="148" y="75" width="6" height="75" rx="1" fill="none" stroke="#FBBF24" stroke-width="0.8" opacity="0.35"/>\n  <!-- 底部书架隔板 -->\n  <line x1="42" y1="152" x2="158" y2="152" stroke="#B45309" stroke-width="0.8" opacity="0.3"/>\n  <!-- 知识树 (从书芯生出) -->\n  <path d="M 100 140 Q 95 120 85 105 Q 75 90 60 80" fill="none" stroke="#B45309" stroke-width="1" opacity="0.25"/>\n  <path d="M 100 140 Q 105 120 115 105 Q 125 90 140 80" fill="none" stroke="#B45309" stroke-width="1" opacity="0.25"/>\n  <path d="M 100 140 Q 98 115 95 100 Q 90 85 85 70" fill="none" stroke="#FBBF24" stroke-width="0.8" opacity="0.2"/>\n  <path d="M 100 140 Q 102 115 105 100 Q 110 85 115 70" fill="none" stroke="#FBBF24" stroke-width="0.8" opacity="0.2"/>\n  <!-- 知识之眼 -->\n  <ellipse cx="100" cy="48" rx="10" ry="14" fill="none" stroke="#FBBF24" stroke-width="1.5" opacity="0.5"/>\n  <ellipse cx="100" cy="48" rx="6" ry="9" fill="none" stroke="#FBBF24" stroke-width="0.8" opacity="0.3"/>\n  <circle cx="100" cy="48" r="3" fill="#FBBF24" opacity="0.4"/>\n  <!-- 书架顶线 -->\n  <line x1="44" y1="62" x2="156" y2="62" stroke="#B45309" stroke-width="0.4" opacity="0.15"/>\n</svg>
26	PRT-0005	协议手册	阈界分类标准	活跃	\N	\N	2025-09-03 16:00:00	2	2	53	2026-06-02 16:29:28.479	3级	本文件规定了边际结构内部阈界现象的分类标准	{}	{"scope": "所有处理阈界相关档案的部门", "version": "1.0", "sections": [{"title": "分类原则", "content": "阈界按其主要特征分为以下类型：\\n\\nL（Location）：地点型阈界，如建筑、地形、空间异常\\nE（Entity）：实体型阈界，如生物、存在体、非人物种\\nO（Object）：物体型阈界，如物品、器具、异常物质\\nP（Phenomenon）：现象型阈界，如事件、效应、环境变化\\nC（Concept）：概念型阈界，如思想、模因、认知危害\\nT（Theory）：理论型阈界，如假设、模型、理论框架"}, {"title": "威胁等级标准", "content": "白色：无威胁或威胁可忽略\\n绿色：低威胁，常规防护即可\\n蓝色：中威胁，需要特殊防护\\n黄色：高威胁，需要团队行动和高级防护\\n橙色：极高威胁，需要专家级人员和特殊装备\\n黑色：极端威胁，仅允许最高权限人员接触\\n红色：不可控威胁，禁止直接接触"}, {"title": "混合类型处理", "content": "当阈界具有多种类型特征时：\\n1. 选择最主要的特征作为分类代码\\n2. 在档案描述中注明其他特征\\n3. 必要时建立关联档案\\n\\n示例：TMS-L0234（明知山）同时具有空间异常（L）和认知危害（C）特征，以L为主分类，在档案中注明C特征。"}], "leadPerson": "安雅·夏尔马 / 首席档案员", "effectiveDate": "2025年9月4日", "sourceDepartment": "档案与研究部", "responsibleDepartment": "档案与研究部"}	伊利亚·彼得连科 总指挥 | 2025年9月4日	通过	本文件为《阈界分类标准》的最新版本	\N	2026-05-28 09:35:57.25	\N	\N		f	\N	\N
20	MED-L0734	医疗报告	TMS-L0734勘探任务后心理评估报告	封存	\N	\N	\N	4	4	55	2026-06-02 09:36:30.891	3级	本附件为医疗与心理部副部长戴维·卡特博士在完成囤积者回廊(TMS-L0734)勘探任务后接受的强制性心理评估报告。报告诊断其遭受"短期认知污染（STCC）"，表现为对特定阈界物品的病理性留恋，并记录了完整的治疗与康复过程。此报告揭示了囤积者回廊(TMS-L0734)认知危害的滞后性与针对性。	{不适用}	{"appendices": [{"code": "A", "content": "完整的心理测试原始数据与图表"}, {"code": "B", "content": "认知行为疗法详细记录"}, {"code": "C", "content": "药物使用记录与效果评估"}], "leadPerson": "埃莉诺·肖博士", "coreHazards": [{"type": "短期认知污染 (STCC)", "mechanism": "通过特定交互情境（捡起物品并被剥夺）引发，对阈界物品产生病理性留恋"}, {"type": "行为异常", "mechanism": "反复、无意识地把玩或寻找小型圆形物体，流露出明显的惋惜情绪"}, {"type": "心理测试指标下降", "mechanism": "认知危害抵抗量表 (CHRS) 从任务前92分（优异）暂时下降至65分（需观察）"}], "clinicalStages": [{"stage": "隔离观察", "symptoms": "于医疗部隔离观察室进行，限制接触可能触发联想的物品", "timeFeature": "首周", "physiologicalBasis": "-", "psychologicalImpact": "稳定症状"}, {"stage": "认知行为疗法 (CBT)", "symptoms": "由肖博士主持，强化现实边界认知，解构\\"物品与自我价值\\"的错误链接，暴露疗法淡化\\"丧失\\"应激反应", "timeFeature": "治疗期", "physiologicalBasis": "-", "psychologicalImpact": "显著改善"}, {"stage": "药物辅助", "symptoms": "低剂量选择性血清素再吸收抑制剂（SSRI）", "timeFeature": "治疗期", "physiologicalBasis": "缓解焦虑情绪，稳定心境", "psychologicalImpact": "情绪稳定"}, {"stage": "治疗结果", "symptoms": "对玻璃珠的执念已消除", "timeFeature": "康复期", "physiologicalBasis": "康复良好", "psychologicalImpact": "心理测试指标逐步回归正常范围，CHRS评分回升至85分（良好）"}], "treatmentPlans": [{"stage": "工作安排", "method": "一般性职责", "target": "对象适合重返一般性职责，包括心理咨询和低风险任务评估", "measures": "恢复正常工作"}, {"stage": "任务限制", "method": "限制高风险任务", "target": "暂缓安排其进入琥珀色-C级或更高的认知危害阈界，为期至少三个月", "measures": "为期至少三个月"}, {"stage": "定期检查", "method": "心理复查", "target": "建议对象每月进行一次强制性心理复查，持续半年", "measures": "每月一次，持续半年"}, {"stage": "培训教材", "method": "案例教学", "target": "将此案例纳入认知危害培训教材，强调即使是有经验的专家，在特定情境下也极易受到感染", "measures": "纳入认知危害培训教材"}, {"stage": "协议强化", "method": "强化禁令", "target": "强化针对囤积者回廊(TMS-L0734)的协议：任何物品不得从阈界内带出，应被视为绝对禁令", "measures": "任何物品不得从阈界内带出"}], "recommendations": [{"type": "工作安排", "measures": "对象适合重返一般性职责，包括心理咨询和低风险任务评估"}, {"type": "任务限制", "measures": "暂缓安排其进入琥珀色-C级或更高的认知危害阈界，为期至少三个月"}, {"type": "定期检查", "measures": "建议对象每月进行一次强制性心理复查，持续半年"}, {"type": "培训教材", "measures": "将此案例纳入认知危害培训教材，强调即使是有经验的专家，在特定情境下也极易受到感染"}, {"type": "协议强化", "measures": "强化针对囤积者回廊(TMS-L0734)的协议：任何物品不得从阈界内带出，应被视为绝对禁令"}], "executiveSummary": [{"item": "症状诊断", "conclusion": "短期认知污染（Short-Term Cognitive Contamination, STCC）"}, {"item": "主要表现", "conclusion": "对特定阈界物品（一颗玻璃珠）的病理性留恋（Pathological Attachment）及相关的轻度焦虑与丧失感"}, {"item": "治疗方案", "conclusion": "为期两周的认知行为疗法（CBT）及辅助药物干预"}, {"item": "治疗结果", "conclusion": "症状已基本消除"}, {"item": "工作状态", "conclusion": "适合重返一般性职责，但建议暂缓安排其进入高强度认知危害环境"}], "sourceDepartment": "医疗与心理部", "mechanismAnalysis": [{"dimension": "感染方式", "description": "由TMS-L0734的特定交互情境（捡起物品并被剥夺）引发"}, {"dimension": "认知框架", "description": "阈界的规则——\\"一切物品都必须被保留\\"的绝对法则——像病毒一样覆盖了患者的判断"}, {"dimension": "危害特性", "description": "TMS-L0734认知危害具有高度针对性和滞后性，其\\"所有物不可剥夺\\"的规则能通过行为互动强行植入"}], "responsibleDepartment": "医疗与心理部", "treatmentDifficulties": [{"type": "认知框架覆盖", "description": "阈界规则强行覆盖正常判断，松手的那一刻不像是丢弃，更像是截肢"}, {"type": "滞后性", "description": "认知危害在任务结束后才显现，增加了识别和干预的难度"}, {"type": "针对性", "description": "危害针对特定物品和交互情境，具有高度个人化特征"}]}	埃莉诺·肖博士 | [数据删除]	通过	卡特博士的康复情况良好。然而，值得注意的是，在其后的任务评估中，他对涉及"无序"、"堆积"要素的阈界提案，表现出较任务前更为显著的谨慎甚至抵触态度。这并非病理性的，更像是一种基于创伤经验的、高度个人化的风险规避。建议在未来任务分配中考虑此因素。他比任何人都更清楚地知道，有些伤痕，即使愈合，也会改变一个人的形状。 —— 安雅·夏尔马	\N	2026-05-28 09:35:57.208	\N	\N		f	\N	\N
\.


--
-- Data for Name: departments; Type: TABLE DATA; Schema: public; Owner: -
--

COPY public.departments (id, code, name, name_en, type, description, leader_id, site_location, internal_channel, created_at, updated_at) FROM stdin;
3	DEPT-20	外勤行动部	Field Operations	行动	\N	\N	Site-03	DEPT-20-COM	2026-05-28 09:35:56.853	2026-05-28 09:35:56.853
6	DEPT-60	后勤与架构部	Logistics & Infrastructure	后勤	\N	\N	Site-05	DEPT-50-COM	2026-05-28 09:35:56.853	2026-06-02 09:27:33.904
5	DEPT-50	安全与防护部	Security & Protection	安全	\N	\N	Site-01	DEPT-40-COM	2026-05-28 09:35:56.853	2026-06-02 09:27:34.403
4	DEPT-40	医疗与心理部	Medical & Psychology	医疗	\N	\N	Site-02	DEPT-30-COM	2026-05-28 09:35:56.853	2026-06-02 09:27:34.409
2	DEPT-30	档案与研究部	Research & Archives	研究	\N	\N	Site-01	DEPT-10-COM	2026-05-28 09:35:56.853	2026-06-02 09:27:34.421
1	DEPT-10	最高指挥部	High Command	指挥	\N	\N	Site-01	DEPT-00-COM	2026-05-28 09:35:56.853	2026-06-02 09:27:34.429
\.


--
-- Data for Name: equipment_items; Type: TABLE DATA; Schema: public; Owner: -
--

COPY public.equipment_items (id, code, name, subtitle, description, category, price, currency, original_price, stock, status, badge, image_url, created_at) FROM stdin;
1	EQ-001	认知防火墙 v3.2	+4h 模因抗性	效果稳定。代价：4小时后认知疲劳会加倍反弹。不建议连续使用超过12小时。	防护装备	50	土	80 土	200	available	限时	\N	2026-05-28 11:24:41.574
2	EQ-002	便携定位信标	+12h 空间稳定	在非线性空间中维持方向感。代价：信标本身也可能被空间扭曲，需每6小时校准一次。	空间锚点	80	石	\N	50	available	限时	\N	2026-05-28 11:24:41.579
3	EQ-003	不恐惧	心理免疫	库存0。补货计划：无。有外勤人员声称见过样品，但拒绝提供任务编号。	认知屏障	\N	\N	\N	0	soldout	已停止配给	\N	2026-05-28 11:24:41.582
4	EQ-004	亲属回避协议生成器	+6h 社交免疫	春节期间限定。佩戴后您的异常工作话题免疫率+99%。剩1%来自您妈本人。	防护装备	100	石	≈ ¥10	30	available	限时	\N	2026-05-28 11:24:41.584
5	EQ-005	深度睡眠诱导剂	+8h 认知重置	闹钟会响。但您的潜意识可以选择不听。库存充足，建议所有外勤人员随身携带。	医疗用品	80	土	\N	500	available	\N	\N	2026-05-28 11:24:41.585
6	EQ-006	一觉睡到天亮	心理修复	极少量·正在补货中（永远）。供应商备注："就快了。再等等。"	认知屏障	\N	\N	\N	0	soldout	已停止配给	\N	2026-05-28 11:24:41.587
7	EQ-007	记忆删除注射器	×1	仅可删除"那段您事后觉得不该看的记忆"。无法删除您已经被阈界改变的事实。每日限量1件。	勘探工具	20	砖	≈ ¥20	5	available	稀缺	\N	2026-05-28 11:24:41.588
8	EQ-008	无需解释拒接通讯器	×1	使用后4小时内拒绝任何紧急召集皆视为"我在任务中"。无需补充。	通讯设备	30	石	≈ ¥3	100	available	\N	\N	2026-05-28 11:24:41.589
9	EQ-009	Monday Skip 稳定器	×1	仅可跳过周一上午9:00-12:00的阈界波动期。下午照常出勤。不退不换。	空间锚点	200	石	≈ ¥20	15	available	\N	\N	2026-05-28 11:24:41.59
10	EQ-010	童年	不再补货	不再补货。您拥有过一份，至今未归还。仿制品在内部市场以"怀旧防护效果"形式流通。	认知屏障	\N	\N	\N	0	soldout	已停止配给	\N	2026-05-28 11:24:41.591
\.


--
-- Data for Name: exploration_teams; Type: TABLE DATA; Schema: public; Owner: -
--

COPY public.exploration_teams (id, code, name, name_en, leader_id, status, member_count, current_location, created_at) FROM stdin;
\.


--
-- Data for Name: news_bulletins; Type: TABLE DATA; Schema: public; Owner: -
--

COPY public.news_bulletins (id, code, title, summary, content, category, priority, featured, image_url, published_at, created_at) FROM stdin;
1	IR-2847	O2847 阈界异常波动事件通报	2025年11月15日 14:30，O2847 区域检测到异常空间波动，持续约3分42秒。已确认无人员伤亡。	## 事件概述\n\n2025年11月15日 14:30，O2847 区域检测到异常空间波动。\n\n### 时间线\n\n- **14:30:00** - 空间锚点监测到波动异常\n- **14:31:12** - 波动幅度达到峰值 87.3%\n- **14:33:42** - 波动恢复正常水平\n- **14:35:00** - 初步排查完成，无人员伤亡\n\n### 后续措施\n\n1. 增派勘探小队进行深度扫描\n2. 调整该区域空间锚点参数\n3. 加强监测频率至每 2 小时一次	阈界内	WARN	t	\N	2025-11-16 00:00:00	2026-05-28 11:24:41.536
2	NR-0015	第三季度阈界勘探报告发布	第三季度共完成 47 次勘探任务，发现 3 处新型阈界特征。	## 概览\n\n第三季度勘探工作圆满完成。\n\n### 关键数据\n\n- 勘探任务：47 次\n- 新型特征发现：3 处\n- 安全事件：0 起\n- 任务完成率：96%	组织新闻	OK	t	\N	2025-11-10 00:00:00	2026-05-28 11:24:41.563
3	PR-0003	PRT-0003 安全操作规程修订通知	根据最新勘探发现，对 PRT-0003 第 4.2 章节进行修订。	## 修订内容\n\n对 PRT-0003 第 4.2 章节"阈界内安全操作规范"进行以下修订：\n\n1. 新增"非线性空间导航"条款\n2. 更新"认知防护"标准等级\n3. 补充"紧急撤离"流程\n\n### 生效日期\n\n修订将于 2025年12月1日 正式生效。	协议修订	INFO	f	\N	2025-11-05 00:00:00	2026-05-28 11:24:41.567
4	NR-0016	新装备"认知防火墙 v3.2"正式配发	升级版认知防火墙已投入使用，模因抗性提升至 4 小时。	## 新装备通知\n\n认知防火墙 v3.2 正式配发给所有外勤人员。\n\n### 升级内容\n\n- 模因抗性从 2h 提升至 4h\n- 新增"认知疲劳预警"功能\n- 体积缩小 30%\n\n### 配发计划\n\n所有外勤人员需在 11月30日前 完成装备更换。	组织新闻	NEW	t	\N	2025-11-01 00:00:00	2026-05-28 11:24:41.569
5	IR-0098	阈界 C0098 首次勘探成功	首次进入阈界 C0098 并成功返回，初步评估威胁等级为琥珀色-C。	## 勘探结果\n\n阈界 C0098 首次勘探取得圆满成功。\n\n### 关键发现\n\n- 空间结构：类欧几里得几何\n- 威胁特征：认知型异常\n- 初始威胁等级：琥珀色-C\n\n### 后续计划\n\n将进行第二次勘探，重点评估长期暴露风险。	阈界内	OK	f	\N	2025-10-28 00:00:00	2026-05-28 11:24:41.571
6	PR-0005	阈界分类标准 PRT-0005 更新	新增 3 种阈界类型分类标准。	## 更新内容\n\nPRT-0005 阈界分类标准新增以下分类：\n\n1. **T-Type** - 时间型阈界\n2. **P-Type** - 心理型阈界\n3. **C-Type** - 复合型阈界\n\n### 适用范围\n\n新分类标准适用于所有新建阈界档案。	协议修订	INFO	f	\N	2025-10-20 00:00:00	2026-05-28 11:24:41.572
\.


--
-- Data for Name: personnel; Type: TABLE DATA; Schema: public; Owner: -
--

COPY public.personnel (id, code, name, name_en, title, codename, department_id, "position", status, specialty, clearance_level, esig_code, created_at, updated_at) FROM stdin;
51	HR-10001	伊利亚·彼得连科	Ilya Petrenko	总指挥	\N	1	总指挥	现役	战略指挥、组织管理	5	ESIG-IP	2026-06-02 09:36:27.468	2026-06-02 09:36:27.468
52	HR-30001	陈维华	Chen Weihua	博士	\N	2	档案与研究部部长	现役	档案学、异常分类学	4	ESIG-CW	2026-06-02 09:36:28.466	2026-06-02 09:36:28.466
53	HR-30002	安雅·夏尔马	Anya Sharma	首席档案员	\N	2	首席档案员	现役	档案编码、跨学科研究	4	ESIG-AS	2026-06-02 09:36:28.54	2026-06-02 09:36:28.54
54	HR-30003	林知远	Lin Zhiyuan	博士	\N	2	高级研究员	现役	认知危害、模因学	4	ESIG-LZ	2026-06-02 09:36:28.567	2026-06-02 09:36:28.567
55	HR-40001	埃莉诺·肖	Eleanor Shaw	博士	\N	4	医疗研究主任	现役	神经病理学、阈界暴露后遗症	3	ESIG-ES	2026-06-02 09:36:28.604	2026-06-02 09:36:28.604
56	HR-30004	安娜·科瓦尔斯基	Anna Kowalski	博士	\N	2	研究员	现役	空间异常、非欧几何	3	ESIG-AK	2026-06-02 09:36:28.635	2026-06-02 09:36:28.635
57	HR-30005	艾德里安·克拉克	Adrian Clarke	研究员	\N	2	研究员	现役	生物异常、实体接触	3	ESIG-AC	2026-06-02 09:36:28.667	2026-06-02 09:36:28.667
58	HR-20001	艾伦·凯	Alan Kay	队长	\N	3	外勤队长	现役	地形探索、认知危害	3	ESIG-AK2	2026-06-02 09:36:28.689	2026-06-02 09:36:28.689
59	HR-20002	米拉·陈	Mira Chen	队长	\N	3	外勤队长	现役	高危环境、实体接触	3	ESIG-MC	2026-06-02 09:36:28.702	2026-06-02 09:36:28.702
60	HR-20003	亚历克斯·诺瓦克	Alex Novak	队长	\N	3	外勤队长	现役	防护技术	3	ESIG-AN	2026-06-02 09:36:28.737	2026-06-02 09:36:28.737
61	HR-20004	莉亚·沃克	Leah Walker	中尉	\N	3	外勤队长	现役	声学监测、战术协调	3	ESIG-LW	2026-06-02 09:36:28.751	2026-06-02 09:36:28.751
62	HR-20005	艾萨克·韦伯	Isaac Weber	探员	\N	3	外勤探员	现役	空间导航、地形分析	2	ESIG-IW	2026-06-02 09:36:28.768	2026-06-02 09:36:28.768
63	HR-20006	杰克·布朗	Jack Brown	探员	德尔塔	3	外勤探员	现役	实体接触、近身防护	3	ESIG-JB	2026-06-02 09:36:28.785	2026-06-02 09:36:28.785
64	HR-20007	娜塔莎·罗曼诺娃	Natasha Romanova	探员	\N	3	外勤探员	现役	生物采样、环境监测	2	ESIG-NR	2026-06-02 09:36:28.789	2026-06-02 09:36:28.789
65	HR-20008	马克·汤普森	Mark Thompson	探员	\N	3	外勤探员	现役	装备操作、技术支援	2	ESIG-MT	2026-06-02 09:36:28.801	2026-06-02 09:36:28.801
66	HR-20009	伊万·科瓦列夫	Ivan Kovalev	探员	\N	3	外勤探员	现役	物理测量、异常检测	2	ESIG-IK	2026-06-02 09:36:28.819	2026-06-02 09:36:28.819
67	HR-20010	马克·陈	Mark Chen	探员	\N	3	外勤探员	现役	声学分析	2	ESIG-MC2	2026-06-02 09:36:28.833	2026-06-02 09:36:28.833
68	HR-20011	罗德里格斯	Rodriguez	探员	\N	3	外勤探员	现役	侦察	2	ESIG-RD	2026-06-02 09:36:28.853	2026-06-02 09:36:28.853
69	HR-40002	戴维·卡特	David Carter	博士	\N	4	医疗与心理部部长	现役	神经心理学、阈界精神病学	4	ESIG-DC	2026-06-02 09:36:28.865	2026-06-02 09:36:28.865
70	HR-40003	约翰逊	Johnson	博士	\N	4	医疗研究员	现役	心理评估	3	ESIG-JJ	2026-06-02 09:36:28.873	2026-06-02 09:36:28.873
71	HR-50001	艾米丽·陈	Emily Chen	安全专员A	\N	5	安全专员	现役	实验室安全、防护协议	4	ESIG-EC	2026-06-02 09:36:28.89	2026-06-02 09:36:28.89
72	HR-50002	维克多·科瓦列夫	Victor Kovalev	博士	铁墙	5	安全与防护部部长	现役	物理防护、安全架构	4	ESIG-VK	2026-06-02 09:36:28.916	2026-06-02 09:36:28.916
73	HR-20012	[代号：堡垒]	Fortress	外勤探员	堡垒	3	外勤探员	现役	高危环境与实体接触	3	ESIG-FT	2026-06-02 09:36:28.923	2026-06-02 09:36:28.923
74	HR-10002	索菲亚·罗德里格斯	Sofia Rodriguez	副总指挥	\N	1	副总指挥	现役	日常运营、危机协调	5	ESIG-SR	2026-06-02 09:36:28.938	2026-06-02 09:36:28.938
75	HR-10003	哈维尔·冈萨雷斯	Javier Gonzalez	博士	\N	1	科学顾问	现役	跨学科研究监督	5	ESIG-JG	2026-06-02 09:36:28.956	2026-06-02 09:36:28.956
76	HR-10004	娜塔莉·李	Natalie Li	\N	\N	1	安全顾问	现役	组织整体威胁评估	5	ESIG-NL	2026-06-02 09:36:28.972	2026-06-02 09:36:28.972
77	HR-30006	马克西姆·科瓦列夫	Maxim Kovalev	\N	\N	2	数据主管	现役	数据管理、信息系统	3	ESIG-MK	2026-06-02 09:36:29	2026-06-02 09:36:29
78	HR-20013	亚历山大·科瓦尔	Alexander Koval	部长	\N	3	外勤行动部部长	现役	外勤指挥、战术部署	5	ESIG-AK3	2026-06-02 09:36:29.017	2026-06-02 09:36:29.017
79	HR-20014	奥利弗·王	Oliver Wang	队长	\N	3	外勤队长	现役	阈界空间导航、战术侦察	3	ESIG-OW	2026-06-02 09:36:29.022	2026-06-02 09:36:29.022
80	HR-20015	丽萨·张	Lisa Zhang	队长	\N	3	外勤队长	现役	复杂环境渗透、通信协调	3	ESIG-LZ2	2026-06-02 09:36:29.038	2026-06-02 09:36:29.038
81	HR-20016	维克多·彼得罗夫	Victor Petrov	锁匠	锁匠	3	外勤队长	现役	连接点建立与维护、阈界工程	4	ESIG-VP	2026-06-02 09:36:29.055	2026-06-02 09:36:29.055
82	HR-20017	乔治·马丁	George Martin	\N	\N	3	联络官	现役	跨部门协调、对外联络	3	ESIG-GM	2026-06-02 09:36:29.068	2026-06-02 09:36:29.068
83	HR-20018	玛丽亚·冈萨雷斯	Maria Gonzalez	\N	\N	3	情报分析师	现役	情报分析、威胁评估	3	ESIG-MG	2026-06-02 09:36:29.141	2026-06-02 09:36:29.141
84	HR-20019	卡洛斯·桑切斯	Carlos Sanchez	训练主管	\N	3	训练主管	现役	外勤训练、战斗技巧	3	ESIG-CS	2026-06-02 09:36:29.171	2026-06-02 09:36:29.171
85	HR-40004	詹姆斯·帕克	James Parker	博士	\N	4	心理治疗主管	现役	创伤心理治疗、认知危害康复	4	ESIG-JP	2026-06-02 09:36:29.236	2026-06-02 09:36:29.236
86	HR-50003	莎拉·布莱克伍德	Sarah Blackwood	\N	\N	5	安全与防护部副部长	现役	设施安全、人员安保管理	4	ESIG-SB	2026-06-02 09:36:29.327	2026-06-02 09:36:29.327
87	HR-50004	马库斯·斯通	Marcus Stone	应急响应主管	哨兵	5	应急响应主管	现役	应急响应、威胁处置	4	ESIG-MS	2026-06-02 09:36:29.369	2026-06-02 09:36:29.369
88	HR-60001	彼得·安德森	Peter Anderson	部长	\N	6	后勤与架构部部长	现役	架构规划、资源管理	4	ESIG-PA	2026-06-02 09:36:29.516	2026-06-02 09:36:29.516
89	HR-60002	奥尔加·波波娃	Olga Popova	\N	\N	6	后勤与架构部副部长	现役	物资调配、后勤管理	3	ESIG-OP	2026-06-02 09:36:29.567	2026-06-02 09:36:29.567
\.


--
-- Data for Name: reviews; Type: TABLE DATA; Schema: public; Owner: -
--

COPY public.reviews (id, author, content, rating, date, verified, created_at) FROM stdin;
1	外勤07	认知防火墙确实有用，但副作用是真的难受。建议公司研发 v4.0 时能优化一下。	4	2025-11-10 00:00:00	t	2026-05-28 11:24:41.593
2	勘探队A	便携定位信标在 O0881 非线性区救了我们一命。就是校准太频繁了。	5	2025-11-05 00:00:00	t	2026-05-28 11:24:41.597
3	研究员12	记忆删除注射器效果很好，但"无法删除已被改变的事实"这句让人很不舒服。	4	2025-10-28 00:00:00	t	2026-05-28 11:24:41.599
4	新入职03	第一次使用亲属回避协议生成器，效果出奇的好。我妈终于不问我在哪上班了。	5	2025-10-20 00:00:00	f	2026-05-28 11:24:41.6
5	外勤15	Monday Skip 稳定器是个天才发明。但老板说下午照常出勤让我很不爽。	3	2025-10-15 00:00:00	t	2026-05-28 11:24:41.601
\.


--
-- Data for Name: system_announcements; Type: TABLE DATA; Schema: public; Owner: -
--

COPY public.system_announcements (id, title, content, type, "order", created_at) FROM stdin;
1	系统公告：阈界档案系统 v2.0 上线	全新档案管理系统已部署。新增Markdown渲染、附件文本、图表可视化等功能。	info	100	2026-05-28 11:24:41.602
2	安全提醒：认知疲劳预警	近期多起认知疲劳事件，请外勤人员严格遵守连续使用不超过12小时的规定。	warning	90	2026-05-28 11:24:41.605
3	维护通知：数据库升级完成	数据库升级已完成，系统运行正常。新增 attachmentText 字段支持。	info	80	2026-05-28 11:24:41.606
\.


--
-- Data for Name: team_members; Type: TABLE DATA; Schema: public; Owner: -
--

COPY public.team_members (team_id, personnel_id, role, joined_at) FROM stdin;
\.


--
-- Name: archive_history_id_seq; Type: SEQUENCE SET; Schema: public; Owner: -
--

SELECT pg_catalog.setval('public.archive_history_id_seq', 1, false);


--
-- Name: archive_relations_id_seq; Type: SEQUENCE SET; Schema: public; Owner: -
--

SELECT pg_catalog.setval('public.archive_relations_id_seq', 53, true);


--
-- Name: archive_signatures_id_seq; Type: SEQUENCE SET; Schema: public; Owner: -
--

SELECT pg_catalog.setval('public.archive_signatures_id_seq', 451, true);


--
-- Name: archive_templates_id_seq; Type: SEQUENCE SET; Schema: public; Owner: -
--

SELECT pg_catalog.setval('public.archive_templates_id_seq', 1, false);


--
-- Name: archives_id_seq; Type: SEQUENCE SET; Schema: public; Owner: -
--

SELECT pg_catalog.setval('public.archives_id_seq', 150, true);


--
-- Name: departments_id_seq; Type: SEQUENCE SET; Schema: public; Owner: -
--

SELECT pg_catalog.setval('public.departments_id_seq', 48, true);


--
-- Name: equipment_items_id_seq; Type: SEQUENCE SET; Schema: public; Owner: -
--

SELECT pg_catalog.setval('public.equipment_items_id_seq', 10, true);


--
-- Name: exploration_teams_id_seq; Type: SEQUENCE SET; Schema: public; Owner: -
--

SELECT pg_catalog.setval('public.exploration_teams_id_seq', 1, false);


--
-- Name: news_bulletins_id_seq; Type: SEQUENCE SET; Schema: public; Owner: -
--

SELECT pg_catalog.setval('public.news_bulletins_id_seq', 6, true);


--
-- Name: personnel_id_seq; Type: SEQUENCE SET; Schema: public; Owner: -
--

SELECT pg_catalog.setval('public.personnel_id_seq', 34, true);


--
-- Name: reviews_id_seq; Type: SEQUENCE SET; Schema: public; Owner: -
--

SELECT pg_catalog.setval('public.reviews_id_seq', 5, true);


--
-- Name: system_announcements_id_seq; Type: SEQUENCE SET; Schema: public; Owner: -
--

SELECT pg_catalog.setval('public.system_announcements_id_seq', 3, true);


--
-- Name: _prisma_migrations _prisma_migrations_pkey; Type: CONSTRAINT; Schema: public; Owner: -
--

ALTER TABLE ONLY public._prisma_migrations
    ADD CONSTRAINT _prisma_migrations_pkey PRIMARY KEY (id);


--
-- Name: archive_history archive_history_pkey; Type: CONSTRAINT; Schema: public; Owner: -
--

ALTER TABLE ONLY public.archive_history
    ADD CONSTRAINT archive_history_pkey PRIMARY KEY (id);


--
-- Name: archive_relations archive_relations_pkey; Type: CONSTRAINT; Schema: public; Owner: -
--

ALTER TABLE ONLY public.archive_relations
    ADD CONSTRAINT archive_relations_pkey PRIMARY KEY (id);


--
-- Name: archive_signatures archive_signatures_pkey; Type: CONSTRAINT; Schema: public; Owner: -
--

ALTER TABLE ONLY public.archive_signatures
    ADD CONSTRAINT archive_signatures_pkey PRIMARY KEY (id);


--
-- Name: archive_templates archive_templates_pkey; Type: CONSTRAINT; Schema: public; Owner: -
--

ALTER TABLE ONLY public.archive_templates
    ADD CONSTRAINT archive_templates_pkey PRIMARY KEY (id);


--
-- Name: archives archives_pkey; Type: CONSTRAINT; Schema: public; Owner: -
--

ALTER TABLE ONLY public.archives
    ADD CONSTRAINT archives_pkey PRIMARY KEY (id);


--
-- Name: departments departments_pkey; Type: CONSTRAINT; Schema: public; Owner: -
--

ALTER TABLE ONLY public.departments
    ADD CONSTRAINT departments_pkey PRIMARY KEY (id);


--
-- Name: equipment_items equipment_items_pkey; Type: CONSTRAINT; Schema: public; Owner: -
--

ALTER TABLE ONLY public.equipment_items
    ADD CONSTRAINT equipment_items_pkey PRIMARY KEY (id);


--
-- Name: exploration_teams exploration_teams_pkey; Type: CONSTRAINT; Schema: public; Owner: -
--

ALTER TABLE ONLY public.exploration_teams
    ADD CONSTRAINT exploration_teams_pkey PRIMARY KEY (id);


--
-- Name: news_bulletins news_bulletins_pkey; Type: CONSTRAINT; Schema: public; Owner: -
--

ALTER TABLE ONLY public.news_bulletins
    ADD CONSTRAINT news_bulletins_pkey PRIMARY KEY (id);


--
-- Name: personnel personnel_pkey; Type: CONSTRAINT; Schema: public; Owner: -
--

ALTER TABLE ONLY public.personnel
    ADD CONSTRAINT personnel_pkey PRIMARY KEY (id);


--
-- Name: reviews reviews_pkey; Type: CONSTRAINT; Schema: public; Owner: -
--

ALTER TABLE ONLY public.reviews
    ADD CONSTRAINT reviews_pkey PRIMARY KEY (id);


--
-- Name: system_announcements system_announcements_pkey; Type: CONSTRAINT; Schema: public; Owner: -
--

ALTER TABLE ONLY public.system_announcements
    ADD CONSTRAINT system_announcements_pkey PRIMARY KEY (id);


--
-- Name: team_members team_members_pkey; Type: CONSTRAINT; Schema: public; Owner: -
--

ALTER TABLE ONLY public.team_members
    ADD CONSTRAINT team_members_pkey PRIMARY KEY (team_id, personnel_id);


--
-- Name: archive_relations_archive_id_related_archive_id_relation_ty_key; Type: INDEX; Schema: public; Owner: -
--

CREATE UNIQUE INDEX archive_relations_archive_id_related_archive_id_relation_ty_key ON public.archive_relations USING btree (archive_id, related_archive_id, relation_type);


--
-- Name: archive_signatures_archive_id_position_name_key; Type: INDEX; Schema: public; Owner: -
--

CREATE UNIQUE INDEX archive_signatures_archive_id_position_name_key ON public.archive_signatures USING btree (archive_id, "position", name);


--
-- Name: archive_templates_category_idx; Type: INDEX; Schema: public; Owner: -
--

CREATE INDEX archive_templates_category_idx ON public.archive_templates USING btree (category);


--
-- Name: archives_category_idx; Type: INDEX; Schema: public; Owner: -
--

CREATE INDEX archives_category_idx ON public.archives USING btree (category);


--
-- Name: archives_category_status_idx; Type: INDEX; Schema: public; Owner: -
--

CREATE INDEX archives_category_status_idx ON public.archives USING btree (category, status);


--
-- Name: archives_code_key; Type: INDEX; Schema: public; Owner: -
--

CREATE UNIQUE INDEX archives_code_key ON public.archives USING btree (code);


--
-- Name: archives_lead_person_id_idx; Type: INDEX; Schema: public; Owner: -
--

CREATE INDEX archives_lead_person_id_idx ON public.archives USING btree (lead_person_id);


--
-- Name: archives_responsible_department_id_idx; Type: INDEX; Schema: public; Owner: -
--

CREATE INDEX archives_responsible_department_id_idx ON public.archives USING btree (responsible_department_id);


--
-- Name: archives_source_department_id_idx; Type: INDEX; Schema: public; Owner: -
--

CREATE INDEX archives_source_department_id_idx ON public.archives USING btree (source_department_id);


--
-- Name: archives_status_idx; Type: INDEX; Schema: public; Owner: -
--

CREATE INDEX archives_status_idx ON public.archives USING btree (status);


--
-- Name: archives_threat_level_idx; Type: INDEX; Schema: public; Owner: -
--

CREATE INDEX archives_threat_level_idx ON public.archives USING btree (threat_level);


--
-- Name: departments_code_key; Type: INDEX; Schema: public; Owner: -
--

CREATE UNIQUE INDEX departments_code_key ON public.departments USING btree (code);


--
-- Name: departments_leader_id_key; Type: INDEX; Schema: public; Owner: -
--

CREATE UNIQUE INDEX departments_leader_id_key ON public.departments USING btree (leader_id);


--
-- Name: equipment_items_category_idx; Type: INDEX; Schema: public; Owner: -
--

CREATE INDEX equipment_items_category_idx ON public.equipment_items USING btree (category);


--
-- Name: equipment_items_code_key; Type: INDEX; Schema: public; Owner: -
--

CREATE UNIQUE INDEX equipment_items_code_key ON public.equipment_items USING btree (code);


--
-- Name: equipment_items_status_idx; Type: INDEX; Schema: public; Owner: -
--

CREATE INDEX equipment_items_status_idx ON public.equipment_items USING btree (status);


--
-- Name: exploration_teams_code_key; Type: INDEX; Schema: public; Owner: -
--

CREATE UNIQUE INDEX exploration_teams_code_key ON public.exploration_teams USING btree (code);


--
-- Name: exploration_teams_leader_id_key; Type: INDEX; Schema: public; Owner: -
--

CREATE UNIQUE INDEX exploration_teams_leader_id_key ON public.exploration_teams USING btree (leader_id);


--
-- Name: news_bulletins_category_idx; Type: INDEX; Schema: public; Owner: -
--

CREATE INDEX news_bulletins_category_idx ON public.news_bulletins USING btree (category);


--
-- Name: news_bulletins_code_key; Type: INDEX; Schema: public; Owner: -
--

CREATE UNIQUE INDEX news_bulletins_code_key ON public.news_bulletins USING btree (code);


--
-- Name: news_bulletins_featured_idx; Type: INDEX; Schema: public; Owner: -
--

CREATE INDEX news_bulletins_featured_idx ON public.news_bulletins USING btree (featured);


--
-- Name: news_bulletins_priority_idx; Type: INDEX; Schema: public; Owner: -
--

CREATE INDEX news_bulletins_priority_idx ON public.news_bulletins USING btree (priority);


--
-- Name: news_bulletins_published_at_idx; Type: INDEX; Schema: public; Owner: -
--

CREATE INDEX news_bulletins_published_at_idx ON public.news_bulletins USING btree (published_at DESC);


--
-- Name: personnel_clearance_level_idx; Type: INDEX; Schema: public; Owner: -
--

CREATE INDEX personnel_clearance_level_idx ON public.personnel USING btree (clearance_level);


--
-- Name: personnel_code_key; Type: INDEX; Schema: public; Owner: -
--

CREATE UNIQUE INDEX personnel_code_key ON public.personnel USING btree (code);


--
-- Name: personnel_department_id_idx; Type: INDEX; Schema: public; Owner: -
--

CREATE INDEX personnel_department_id_idx ON public.personnel USING btree (department_id);


--
-- Name: personnel_status_idx; Type: INDEX; Schema: public; Owner: -
--

CREATE INDEX personnel_status_idx ON public.personnel USING btree (status);


--
-- Name: reviews_date_idx; Type: INDEX; Schema: public; Owner: -
--

CREATE INDEX reviews_date_idx ON public.reviews USING btree (date DESC);


--
-- Name: reviews_rating_idx; Type: INDEX; Schema: public; Owner: -
--

CREATE INDEX reviews_rating_idx ON public.reviews USING btree (rating);


--
-- Name: reviews_verified_idx; Type: INDEX; Schema: public; Owner: -
--

CREATE INDEX reviews_verified_idx ON public.reviews USING btree (verified);


--
-- Name: system_announcements_order_idx; Type: INDEX; Schema: public; Owner: -
--

CREATE INDEX system_announcements_order_idx ON public.system_announcements USING btree ("order");


--
-- Name: system_announcements_type_idx; Type: INDEX; Schema: public; Owner: -
--

CREATE INDEX system_announcements_type_idx ON public.system_announcements USING btree (type);


--
-- Name: archive_history archive_history_archive_id_fkey; Type: FK CONSTRAINT; Schema: public; Owner: -
--

ALTER TABLE ONLY public.archive_history
    ADD CONSTRAINT archive_history_archive_id_fkey FOREIGN KEY (archive_id) REFERENCES public.archives(id) ON UPDATE CASCADE ON DELETE CASCADE;


--
-- Name: archive_history archive_history_changed_by_id_fkey; Type: FK CONSTRAINT; Schema: public; Owner: -
--

ALTER TABLE ONLY public.archive_history
    ADD CONSTRAINT archive_history_changed_by_id_fkey FOREIGN KEY (changed_by_id) REFERENCES public.personnel(id) ON UPDATE CASCADE ON DELETE SET NULL;


--
-- Name: archive_relations archive_relations_archive_id_fkey; Type: FK CONSTRAINT; Schema: public; Owner: -
--

ALTER TABLE ONLY public.archive_relations
    ADD CONSTRAINT archive_relations_archive_id_fkey FOREIGN KEY (archive_id) REFERENCES public.archives(id) ON UPDATE CASCADE ON DELETE CASCADE;


--
-- Name: archive_relations archive_relations_related_archive_id_fkey; Type: FK CONSTRAINT; Schema: public; Owner: -
--

ALTER TABLE ONLY public.archive_relations
    ADD CONSTRAINT archive_relations_related_archive_id_fkey FOREIGN KEY (related_archive_id) REFERENCES public.archives(id) ON UPDATE CASCADE ON DELETE CASCADE;


--
-- Name: archive_signatures archive_signatures_archive_id_fkey; Type: FK CONSTRAINT; Schema: public; Owner: -
--

ALTER TABLE ONLY public.archive_signatures
    ADD CONSTRAINT archive_signatures_archive_id_fkey FOREIGN KEY (archive_id) REFERENCES public.archives(id) ON UPDATE CASCADE ON DELETE CASCADE;


--
-- Name: archive_signatures archive_signatures_personnel_id_fkey; Type: FK CONSTRAINT; Schema: public; Owner: -
--

ALTER TABLE ONLY public.archive_signatures
    ADD CONSTRAINT archive_signatures_personnel_id_fkey FOREIGN KEY (personnel_id) REFERENCES public.personnel(id) ON UPDATE CASCADE ON DELETE SET NULL;


--
-- Name: archives archives_lead_person_id_fkey; Type: FK CONSTRAINT; Schema: public; Owner: -
--

ALTER TABLE ONLY public.archives
    ADD CONSTRAINT archives_lead_person_id_fkey FOREIGN KEY (lead_person_id) REFERENCES public.personnel(id) ON UPDATE CASCADE ON DELETE SET NULL;


--
-- Name: archives archives_responsible_department_id_fkey; Type: FK CONSTRAINT; Schema: public; Owner: -
--

ALTER TABLE ONLY public.archives
    ADD CONSTRAINT archives_responsible_department_id_fkey FOREIGN KEY (responsible_department_id) REFERENCES public.departments(id) ON UPDATE CASCADE ON DELETE SET NULL;


--
-- Name: archives archives_source_department_id_fkey; Type: FK CONSTRAINT; Schema: public; Owner: -
--

ALTER TABLE ONLY public.archives
    ADD CONSTRAINT archives_source_department_id_fkey FOREIGN KEY (source_department_id) REFERENCES public.departments(id) ON UPDATE CASCADE ON DELETE SET NULL;


--
-- Name: departments departments_leader_id_fkey; Type: FK CONSTRAINT; Schema: public; Owner: -
--

ALTER TABLE ONLY public.departments
    ADD CONSTRAINT departments_leader_id_fkey FOREIGN KEY (leader_id) REFERENCES public.personnel(id) ON UPDATE CASCADE ON DELETE SET NULL;


--
-- Name: exploration_teams exploration_teams_leader_id_fkey; Type: FK CONSTRAINT; Schema: public; Owner: -
--

ALTER TABLE ONLY public.exploration_teams
    ADD CONSTRAINT exploration_teams_leader_id_fkey FOREIGN KEY (leader_id) REFERENCES public.personnel(id) ON UPDATE CASCADE ON DELETE SET NULL;


--
-- Name: personnel personnel_department_id_fkey; Type: FK CONSTRAINT; Schema: public; Owner: -
--

ALTER TABLE ONLY public.personnel
    ADD CONSTRAINT personnel_department_id_fkey FOREIGN KEY (department_id) REFERENCES public.departments(id) ON UPDATE CASCADE ON DELETE SET NULL;


--
-- Name: team_members team_members_personnel_id_fkey; Type: FK CONSTRAINT; Schema: public; Owner: -
--

ALTER TABLE ONLY public.team_members
    ADD CONSTRAINT team_members_personnel_id_fkey FOREIGN KEY (personnel_id) REFERENCES public.personnel(id) ON UPDATE CASCADE ON DELETE RESTRICT;


--
-- Name: team_members team_members_team_id_fkey; Type: FK CONSTRAINT; Schema: public; Owner: -
--

ALTER TABLE ONLY public.team_members
    ADD CONSTRAINT team_members_team_id_fkey FOREIGN KEY (team_id) REFERENCES public.exploration_teams(id) ON UPDATE CASCADE ON DELETE RESTRICT;


--
-- PostgreSQL database dump complete
--

\unrestrict 3anYmN4KXqc12gbSRao1PBszCMFVVxNYaP65DTrSfbDZLTG5g1jFPg4hbU7qzUb

